borough,model,ds,predicted_trips
Bronx,lightgbm_tuned,2025-11-24 00:00:00,3.1887156250489137
Bronx,lightgbm_tuned,2025-11-24 01:00:00,1.3986087425385147
Bronx,lightgbm_tuned,2025-11-24 02:00:00,1.177690235509457
Bronx,lightgbm_tuned,2025-11-24 03:00:00,1.7181280593902608
Bronx,lightgbm_tuned,2025-11-24 04:00:00,15.860024070846451
Bronx,lightgbm_tuned,2025-11-24 05:00:00,49.3029364612048
Bronx,lightgbm_tuned,2025-11-24 06:00:00,74.65747866434121
Bronx,lightgbm_tuned,2025-11-24 07:00:00,74.190172148051
Bronx,lightgbm_tuned,2025-11-24 08:00:00,73.53888418815454
Bronx,lightgbm_tuned,2025-11-24 09:00:00,69.63083307446357
Bronx,lightgbm_tuned,2025-11-24 10:00:00,62.19530454514783
Bronx,lightgbm_tuned,2025-11-24 11:00:00,53.63786162195409
Bronx,lightgbm_tuned,2025-11-24 12:00:00,45.37569581684488
Bronx,lightgbm_tuned,2025-11-24 13:00:00,38.41243650806474
Bronx,lightgbm_tuned,2025-11-24 14:00:00,36.16498162195487
Bronx,lightgbm_tuned,2025-11-24 15:00:00,36.55667783273768
Bronx,lightgbm_tuned,2025-11-24 16:00:00,34.35303366987991
Bronx,lightgbm_tuned,2025-11-24 17:00:00,25.783309615648783
Bronx,lightgbm_tuned,2025-11-24 18:00:00,15.985135783066903
Bronx,lightgbm_tuned,2025-11-24 19:00:00,9.4792689137444
Bronx,lightgbm_tuned,2025-11-24 20:00:00,6.576596893312919
Bronx,lightgbm_tuned,2025-11-24 21:00:00,8.841148884713194
Bronx,lightgbm_tuned,2025-11-24 22:00:00,6.456433369528193
Bronx,lightgbm_tuned,2025-11-24 23:00:00,3.2991042199321443
Bronx,lightgbm_tuned,2025-11-25 00:00:00,1.7637676818042347
Bronx,lightgbm_tuned,2025-11-25 01:00:00,1.6088635856966982
Bronx,lightgbm_tuned,2025-11-25 02:00:00,1.6831937346997472
Bronx,lightgbm_tuned,2025-11-25 03:00:00,2.228123096099188
Bronx,lightgbm_tuned,2025-11-25 04:00:00,17.290777028548845
Bronx,lightgbm_tuned,2025-11-25 05:00:00,48.594892857486656
Bronx,lightgbm_tuned,2025-11-25 06:00:00,75.23360258628479
Bronx,lightgbm_tuned,2025-11-25 07:00:00,75.11828087566452
Bronx,lightgbm_tuned,2025-11-25 08:00:00,75.59503991139826
Bronx,lightgbm_tuned,2025-11-25 09:00:00,70.59002836676956
Bronx,lightgbm_tuned,2025-11-25 10:00:00,61.53508247618348
Bronx,lightgbm_tuned,2025-11-25 11:00:00,52.46275870830716
Bronx,lightgbm_tuned,2025-11-25 12:00:00,49.528425316243926
Bronx,lightgbm_tuned,2025-11-25 13:00:00,44.436314766919146
Bronx,lightgbm_tuned,2025-11-25 14:00:00,34.427036000501154
Bronx,lightgbm_tuned,2025-11-25 15:00:00,38.99861399433538
Bronx,lightgbm_tuned,2025-11-25 16:00:00,32.29375080645431
Bronx,lightgbm_tuned,2025-11-25 17:00:00,29.16011672560707
Bronx,lightgbm_tuned,2025-11-25 18:00:00,16.50671732010401
Bronx,lightgbm_tuned,2025-11-25 19:00:00,12.71881626299759
Bronx,lightgbm_tuned,2025-11-25 20:00:00,9.03053854461874
Bronx,lightgbm_tuned,2025-11-25 21:00:00,10.217973401608589
Bronx,lightgbm_tuned,2025-11-25 22:00:00,6.790816601852935
Bronx,lightgbm_tuned,2025-11-25 23:00:00,3.1996807028071443
Bronx,lightgbm_tuned,2025-11-26 00:00:00,1.757455162264589
Bronx,lightgbm_tuned,2025-11-26 01:00:00,1.598496607791388
Bronx,lightgbm_tuned,2025-11-26 02:00:00,1.67811888714668
Bronx,lightgbm_tuned,2025-11-26 03:00:00,2.27634745248
Bronx,lightgbm_tuned,2025-11-26 04:00:00,19.00441572789372
Bronx,lightgbm_tuned,2025-11-26 05:00:00,46.26676384010833
Bronx,lightgbm_tuned,2025-11-26 06:00:00,76.26889958092862
Bronx,lightgbm_tuned,2025-11-26 07:00:00,75.71912761009418
Bronx,lightgbm_tuned,2025-11-26 08:00:00,76.25100802653299
Bronx,lightgbm_tuned,2025-11-26 09:00:00,71.35172788346824
Bronx,lightgbm_tuned,2025-11-26 10:00:00,62.25908932640108
Bronx,lightgbm_tuned,2025-11-26 11:00:00,54.09807557863167
Bronx,lightgbm_tuned,2025-11-26 12:00:00,48.7507367704204
Bronx,lightgbm_tuned,2025-11-26 13:00:00,43.36048995457951
Bronx,lightgbm_tuned,2025-11-26 14:00:00,34.54154037186555
Bronx,lightgbm_tuned,2025-11-26 15:00:00,40.34084699797504
Bronx,lightgbm_tuned,2025-11-26 16:00:00,32.199610509788066
Bronx,lightgbm_tuned,2025-11-26 17:00:00,30.88188086629942
Bronx,lightgbm_tuned,2025-11-26 18:00:00,18.654820374903327
Bronx,lightgbm_tuned,2025-11-26 19:00:00,11.883942201937304
Bronx,lightgbm_tuned,2025-11-26 20:00:00,13.497931493891617
Bronx,lightgbm_tuned,2025-11-26 21:00:00,12.722829313968289
Bronx,lightgbm_tuned,2025-11-26 22:00:00,7.999314738036278
Bronx,lightgbm_tuned,2025-11-26 23:00:00,3.750160777351892
Bronx,lightgbm_tuned,2025-11-27 00:00:00,2.021576747689021
Bronx,lightgbm_tuned,2025-11-27 01:00:00,1.6078071292436007
Bronx,lightgbm_tuned,2025-11-27 02:00:00,1.664832344579254
Bronx,lightgbm_tuned,2025-11-27 03:00:00,1.7982101107875976
Bronx,lightgbm_tuned,2025-11-27 04:00:00,5.736878471624672
Bronx,lightgbm_tuned,2025-11-27 05:00:00,7.962832670110386
Bronx,lightgbm_tuned,2025-11-27 06:00:00,17.12349741395483
Bronx,lightgbm_tuned,2025-11-27 07:00:00,42.94112651985508
Bronx,lightgbm_tuned,2025-11-27 08:00:00,54.44585943638264
Bronx,lightgbm_tuned,2025-11-27 09:00:00,56.56035653098436
Bronx,lightgbm_tuned,2025-11-27 10:00:00,49.3498699461684
Bronx,lightgbm_tuned,2025-11-27 11:00:00,40.56383448186411
Bronx,lightgbm_tuned,2025-11-27 12:00:00,37.334724741142
Bronx,lightgbm_tuned,2025-11-27 13:00:00,30.47072675605261
Bronx,lightgbm_tuned,2025-11-27 14:00:00,28.7693197656832
Bronx,lightgbm_tuned,2025-11-27 15:00:00,29.5910908571873
Bronx,lightgbm_tuned,2025-11-27 16:00:00,27.645941436298877
Bronx,lightgbm_tuned,2025-11-27 17:00:00,26.056189391126605
Bronx,lightgbm_tuned,2025-11-27 18:00:00,14.418910579470076
Bronx,lightgbm_tuned,2025-11-27 19:00:00,11.129941224786556
Bronx,lightgbm_tuned,2025-11-27 20:00:00,10.285157315195816
Bronx,lightgbm_tuned,2025-11-27 21:00:00,9.94738112530867
Bronx,lightgbm_tuned,2025-11-27 22:00:00,6.942596741191153
Bronx,lightgbm_tuned,2025-11-27 23:00:00,4.235258373602095
Bronx,lightgbm_tuned,2025-11-28 00:00:00,2.6543593626130155
Bronx,lightgbm_tuned,2025-11-28 01:00:00,1.7140209393320534
Bronx,lightgbm_tuned,2025-11-28 02:00:00,1.5080168727268468
Bronx,lightgbm_tuned,2025-11-28 03:00:00,1.754482069153835
Bronx,lightgbm_tuned,2025-11-28 04:00:00,13.715756516823086
Bronx,lightgbm_tuned,2025-11-28 05:00:00,46.58562430481714
Bronx,lightgbm_tuned,2025-11-28 06:00:00,73.71136183483443
Bronx,lightgbm_tuned,2025-11-28 07:00:00,71.09080151434163
Bronx,lightgbm_tuned,2025-11-28 08:00:00,70.92653306832499
Bronx,lightgbm_tuned,2025-11-28 09:00:00,67.03594481107893
Bronx,lightgbm_tuned,2025-11-28 10:00:00,59.47611161377003
Bronx,lightgbm_tuned,2025-11-28 11:00:00,50.56657740450524
Bronx,lightgbm_tuned,2025-11-28 12:00:00,45.40490422099797
Bronx,lightgbm_tuned,2025-11-28 13:00:00,37.591947845092
Bronx,lightgbm_tuned,2025-11-28 14:00:00,36.08031877411357
Bronx,lightgbm_tuned,2025-11-28 15:00:00,35.35526739429184
Bronx,lightgbm_tuned,2025-11-28 16:00:00,35.410953273856734
Bronx,lightgbm_tuned,2025-11-28 17:00:00,37.06191395822848
Bronx,lightgbm_tuned,2025-11-28 18:00:00,23.82355171150567
Bronx,lightgbm_tuned,2025-11-28 19:00:00,15.832556727135218
Bronx,lightgbm_tuned,2025-11-28 20:00:00,12.9064386463329
Bronx,lightgbm_tuned,2025-11-28 21:00:00,9.615123943715584
Bronx,lightgbm_tuned,2025-11-28 22:00:00,7.711877671297514
Bronx,lightgbm_tuned,2025-11-28 23:00:00,4.381168508352799
Bronx,lightgbm_tuned,2025-11-29 00:00:00,2.8410021668973853
Bronx,lightgbm_tuned,2025-11-29 01:00:00,2.216059160823695
Bronx,lightgbm_tuned,2025-11-29 02:00:00,2.3957060864861166
Bronx,lightgbm_tuned,2025-11-29 03:00:00,2.370119839851871
Bronx,lightgbm_tuned,2025-11-29 04:00:00,4.570020043503253
Bronx,lightgbm_tuned,2025-11-29 05:00:00,11.873851109610138
Bronx,lightgbm_tuned,2025-11-29 06:00:00,18.21754291598422
Bronx,lightgbm_tuned,2025-11-29 07:00:00,21.234835936364565
Bronx,lightgbm_tuned,2025-11-29 08:00:00,30.793570606785227
Bronx,lightgbm_tuned,2025-11-29 09:00:00,34.41030728709121
Bronx,lightgbm_tuned,2025-11-29 10:00:00,32.98172484967142
Bronx,lightgbm_tuned,2025-11-29 11:00:00,29.007962338931065
Bronx,lightgbm_tuned,2025-11-29 12:00:00,30.03504671530108
Bronx,lightgbm_tuned,2025-11-29 13:00:00,26.92474878357571
Bronx,lightgbm_tuned,2025-11-29 14:00:00,23.07636401153042
Bronx,lightgbm_tuned,2025-11-29 15:00:00,22.42732869123576
Bronx,lightgbm_tuned,2025-11-29 16:00:00,20.95785436048945
Bronx,lightgbm_tuned,2025-11-29 17:00:00,19.982430903890695
Bronx,lightgbm_tuned,2025-11-29 18:00:00,15.08958921303466
Bronx,lightgbm_tuned,2025-11-29 19:00:00,11.884985706535256
Bronx,lightgbm_tuned,2025-11-29 20:00:00,8.933169403092124
Bronx,lightgbm_tuned,2025-11-29 21:00:00,7.175354326102014
Bronx,lightgbm_tuned,2025-11-29 22:00:00,6.012174409160281
Bronx,lightgbm_tuned,2025-11-29 23:00:00,4.334799050670839
Bronx,lightgbm_tuned,2025-11-30 00:00:00,2.8022403243834213
Bronx,lightgbm_tuned,2025-11-30 01:00:00,2.7321239553243446
Bronx,lightgbm_tuned,2025-11-30 02:00:00,2.602059525919747
Bronx,lightgbm_tuned,2025-11-30 03:00:00,2.564841766848627
Bronx,lightgbm_tuned,2025-11-30 04:00:00,4.069275379471463
Bronx,lightgbm_tuned,2025-11-30 05:00:00,7.776720479206343
Bronx,lightgbm_tuned,2025-11-30 06:00:00,21.003150250872483
Bronx,lightgbm_tuned,2025-11-30 07:00:00,28.0232737271592
Bronx,lightgbm_tuned,2025-11-30 08:00:00,38.25098134879828
Bronx,lightgbm_tuned,2025-11-30 09:00:00,39.41000564745721
Bronx,lightgbm_tuned,2025-11-30 10:00:00,35.45339813963845
Bronx,lightgbm_tuned,2025-11-30 11:00:00,29.44900861001642
Bronx,lightgbm_tuned,2025-11-30 12:00:00,27.68747101356515
Bronx,lightgbm_tuned,2025-11-30 13:00:00,24.013812311972305
Bronx,lightgbm_tuned,2025-11-30 14:00:00,23.772951937460405
Bronx,lightgbm_tuned,2025-11-30 15:00:00,20.50651307417447
Bronx,lightgbm_tuned,2025-11-30 16:00:00,16.65205148163322
Bronx,lightgbm_tuned,2025-11-30 17:00:00,15.378784341643907
Bronx,lightgbm_tuned,2025-11-30 18:00:00,11.892141696611514
Bronx,lightgbm_tuned,2025-11-30 19:00:00,8.035532953900129
Bronx,lightgbm_tuned,2025-11-30 20:00:00,5.890768679906046
Bronx,lightgbm_tuned,2025-11-30 21:00:00,7.483031519896458
Bronx,lightgbm_tuned,2025-11-30 22:00:00,5.439719573379732
Bronx,lightgbm_tuned,2025-11-30 23:00:00,4.473574593770566
Brooklyn,catboost_tuned,2025-11-24 00:00:00,13.924211929907358
Brooklyn,catboost_tuned,2025-11-24 01:00:00,9.027426735202631
Brooklyn,catboost_tuned,2025-11-24 02:00:00,6.3961468068658105
Brooklyn,catboost_tuned,2025-11-24 03:00:00,7.998430042890309
Brooklyn,catboost_tuned,2025-11-24 04:00:00,20.068776396828092
Brooklyn,catboost_tuned,2025-11-24 05:00:00,49.95706903177855
Brooklyn,catboost_tuned,2025-11-24 06:00:00,84.45379230106931
Brooklyn,catboost_tuned,2025-11-24 07:00:00,108.841518046253
Brooklyn,catboost_tuned,2025-11-24 08:00:00,142.8915783666462
Brooklyn,catboost_tuned,2025-11-24 09:00:00,150.67234980718436
Brooklyn,catboost_tuned,2025-11-24 10:00:00,142.83039881901496
Brooklyn,catboost_tuned,2025-11-24 11:00:00,130.90006496809085
Brooklyn,catboost_tuned,2025-11-24 12:00:00,132.72771313870228
Brooklyn,catboost_tuned,2025-11-24 13:00:00,133.39737678572652
Brooklyn,catboost_tuned,2025-11-24 14:00:00,115.03197130235898
Brooklyn,catboost_tuned,2025-11-24 15:00:00,109.80153304610278
Brooklyn,catboost_tuned,2025-11-24 16:00:00,99.83588868473008
Brooklyn,catboost_tuned,2025-11-24 17:00:00,85.31919609990699
Brooklyn,catboost_tuned,2025-11-24 18:00:00,56.55016227374162
Brooklyn,catboost_tuned,2025-11-24 19:00:00,38.66537245894827
Brooklyn,catboost_tuned,2025-11-24 20:00:00,29.464469913447388
Brooklyn,catboost_tuned,2025-11-24 21:00:00,26.10580241450409
Brooklyn,catboost_tuned,2025-11-24 22:00:00,20.553924479133087
Brooklyn,catboost_tuned,2025-11-24 23:00:00,17.40131256875155
Brooklyn,catboost_tuned,2025-11-25 00:00:00,11.608743634554685
Brooklyn,catboost_tuned,2025-11-25 01:00:00,6.8531910325710514
Brooklyn,catboost_tuned,2025-11-25 02:00:00,4.911803465827018
Brooklyn,catboost_tuned,2025-11-25 03:00:00,6.905340435599328
Brooklyn,catboost_tuned,2025-11-25 04:00:00,20.027649269595404
Brooklyn,catboost_tuned,2025-11-25 05:00:00,56.0681273897676
Brooklyn,catboost_tuned,2025-11-25 06:00:00,110.72959833545217
Brooklyn,catboost_tuned,2025-11-25 07:00:00,144.79792585838237
Brooklyn,catboost_tuned,2025-11-25 08:00:00,154.1364303024207
Brooklyn,catboost_tuned,2025-11-25 09:00:00,162.96409802808537
Brooklyn,catboost_tuned,2025-11-25 10:00:00,152.9357640470282
Brooklyn,catboost_tuned,2025-11-25 11:00:00,151.84718631468553
Brooklyn,catboost_tuned,2025-11-25 12:00:00,144.04506135672162
Brooklyn,catboost_tuned,2025-11-25 13:00:00,132.23323051679574
Brooklyn,catboost_tuned,2025-11-25 14:00:00,120.80371403141248
Brooklyn,catboost_tuned,2025-11-25 15:00:00,112.88787125620864
Brooklyn,catboost_tuned,2025-11-25 16:00:00,100.07582531607105
Brooklyn,catboost_tuned,2025-11-25 17:00:00,88.28137676566386
Brooklyn,catboost_tuned,2025-11-25 18:00:00,63.28073351748547
Brooklyn,catboost_tuned,2025-11-25 19:00:00,44.14759728805552
Brooklyn,catboost_tuned,2025-11-25 20:00:00,38.02545217604904
Brooklyn,catboost_tuned,2025-11-25 21:00:00,37.01499865784211
Brooklyn,catboost_tuned,2025-11-25 22:00:00,35.50285204484327
Brooklyn,catboost_tuned,2025-11-25 23:00:00,25.320577239520382
Brooklyn,catboost_tuned,2025-11-26 00:00:00,17.63607976334038
Brooklyn,catboost_tuned,2025-11-26 01:00:00,8.690001410747215
Brooklyn,catboost_tuned,2025-11-26 02:00:00,5.774079924382278
Brooklyn,catboost_tuned,2025-11-26 03:00:00,6.656892635232005
Brooklyn,catboost_tuned,2025-11-26 04:00:00,16.50069699190394
Brooklyn,catboost_tuned,2025-11-26 05:00:00,41.33472022173101
Brooklyn,catboost_tuned,2025-11-26 06:00:00,83.59840218858473
Brooklyn,catboost_tuned,2025-11-26 07:00:00,130.22723837377487
Brooklyn,catboost_tuned,2025-11-26 08:00:00,148.15066605852778
Brooklyn,catboost_tuned,2025-11-26 09:00:00,162.20232104920368
Brooklyn,catboost_tuned,2025-11-26 10:00:00,158.61135824800476
Brooklyn,catboost_tuned,2025-11-26 11:00:00,156.96896457614457
Brooklyn,catboost_tuned,2025-11-26 12:00:00,139.8100247234279
Brooklyn,catboost_tuned,2025-11-26 13:00:00,131.16553444479126
Brooklyn,catboost_tuned,2025-11-26 14:00:00,122.19245548156042
Brooklyn,catboost_tuned,2025-11-26 15:00:00,115.22445265406006
Brooklyn,catboost_tuned,2025-11-26 16:00:00,108.67118205579456
Brooklyn,catboost_tuned,2025-11-26 17:00:00,95.55838457984248
Brooklyn,catboost_tuned,2025-11-26 18:00:00,75.6759257530644
Brooklyn,catboost_tuned,2025-11-26 19:00:00,55.59806318241902
Brooklyn,catboost_tuned,2025-11-26 20:00:00,42.66860701580452
Brooklyn,catboost_tuned,2025-11-26 21:00:00,41.90464028793719
Brooklyn,catboost_tuned,2025-11-26 22:00:00,47.85302826605832
Brooklyn,catboost_tuned,2025-11-26 23:00:00,35.87647477314936
Brooklyn,catboost_tuned,2025-11-27 00:00:00,26.936399398726795
Brooklyn,catboost_tuned,2025-11-27 01:00:00,14.831827230844151
Brooklyn,catboost_tuned,2025-11-27 02:00:00,9.711107854318149
Brooklyn,catboost_tuned,2025-11-27 03:00:00,7.889447046461303
Brooklyn,catboost_tuned,2025-11-27 04:00:00,11.839092754768464
Brooklyn,catboost_tuned,2025-11-27 05:00:00,27.209550544474094
Brooklyn,catboost_tuned,2025-11-27 06:00:00,54.97823097189435
Brooklyn,catboost_tuned,2025-11-27 07:00:00,92.27971960296908
Brooklyn,catboost_tuned,2025-11-27 08:00:00,106.45269943776734
Brooklyn,catboost_tuned,2025-11-27 09:00:00,123.35917047728891
Brooklyn,catboost_tuned,2025-11-27 10:00:00,131.06009247111692
Brooklyn,catboost_tuned,2025-11-27 11:00:00,125.66881268487978
Brooklyn,catboost_tuned,2025-11-27 12:00:00,128.16729209163458
Brooklyn,catboost_tuned,2025-11-27 13:00:00,111.73619641593034
Brooklyn,catboost_tuned,2025-11-27 14:00:00,102.74225095402372
Brooklyn,catboost_tuned,2025-11-27 15:00:00,93.60919527272624
Brooklyn,catboost_tuned,2025-11-27 16:00:00,84.30563073345706
Brooklyn,catboost_tuned,2025-11-27 17:00:00,74.32911907021304
Brooklyn,catboost_tuned,2025-11-27 18:00:00,59.65269166762746
Brooklyn,catboost_tuned,2025-11-27 19:00:00,44.21573231738622
Brooklyn,catboost_tuned,2025-11-27 20:00:00,36.87298511035982
Brooklyn,catboost_tuned,2025-11-27 21:00:00,42.82572598582926
Brooklyn,catboost_tuned,2025-11-27 22:00:00,43.0929334038525
Brooklyn,catboost_tuned,2025-11-27 23:00:00,43.10546122818849
Brooklyn,catboost_tuned,2025-11-28 00:00:00,38.38532569821558
Brooklyn,catboost_tuned,2025-11-28 01:00:00,25.20062498687752
Brooklyn,catboost_tuned,2025-11-28 02:00:00,16.223651775099356
Brooklyn,catboost_tuned,2025-11-28 03:00:00,15.143062112349936
Brooklyn,catboost_tuned,2025-11-28 04:00:00,21.42461859046121
Brooklyn,catboost_tuned,2025-11-28 05:00:00,49.209617254553805
Brooklyn,catboost_tuned,2025-11-28 06:00:00,83.92072024648074
Brooklyn,catboost_tuned,2025-11-28 07:00:00,112.23352551858528
Brooklyn,catboost_tuned,2025-11-28 08:00:00,139.57816238670927
Brooklyn,catboost_tuned,2025-11-28 09:00:00,145.68041726945353
Brooklyn,catboost_tuned,2025-11-28 10:00:00,141.97961969460337
Brooklyn,catboost_tuned,2025-11-28 11:00:00,132.69394936913923
Brooklyn,catboost_tuned,2025-11-28 12:00:00,125.55771177203934
Brooklyn,catboost_tuned,2025-11-28 13:00:00,120.30005308809764
Brooklyn,catboost_tuned,2025-11-28 14:00:00,116.54108271147172
Brooklyn,catboost_tuned,2025-11-28 15:00:00,110.68680058070004
Brooklyn,catboost_tuned,2025-11-28 16:00:00,102.30505621244552
Brooklyn,catboost_tuned,2025-11-28 17:00:00,90.25571206516754
Brooklyn,catboost_tuned,2025-11-28 18:00:00,74.92910636306358
Brooklyn,catboost_tuned,2025-11-28 19:00:00,53.28677042257654
Brooklyn,catboost_tuned,2025-11-28 20:00:00,47.981021494898165
Brooklyn,catboost_tuned,2025-11-28 21:00:00,50.50963927139988
Brooklyn,catboost_tuned,2025-11-28 22:00:00,52.31111347870311
Brooklyn,catboost_tuned,2025-11-28 23:00:00,50.78936169466626
Brooklyn,catboost_tuned,2025-11-29 00:00:00,52.28463892685022
Brooklyn,catboost_tuned,2025-11-29 01:00:00,42.83685151380136
Brooklyn,catboost_tuned,2025-11-29 02:00:00,40.9083689951804
Brooklyn,catboost_tuned,2025-11-29 03:00:00,37.5761045335284
Brooklyn,catboost_tuned,2025-11-29 04:00:00,34.16346267446009
Brooklyn,catboost_tuned,2025-11-29 05:00:00,33.80350822801432
Brooklyn,catboost_tuned,2025-11-29 06:00:00,23.87380072620347
Brooklyn,catboost_tuned,2025-11-29 07:00:00,46.17653039667052
Brooklyn,catboost_tuned,2025-11-29 08:00:00,60.9584481616863
Brooklyn,catboost_tuned,2025-11-29 09:00:00,88.23854529212805
Brooklyn,catboost_tuned,2025-11-29 10:00:00,94.76713575645722
Brooklyn,catboost_tuned,2025-11-29 11:00:00,89.41491200400412
Brooklyn,catboost_tuned,2025-11-29 12:00:00,84.73796091850751
Brooklyn,catboost_tuned,2025-11-29 13:00:00,78.23039127724388
Brooklyn,catboost_tuned,2025-11-29 14:00:00,79.72998028506375
Brooklyn,catboost_tuned,2025-11-29 15:00:00,75.11461458868924
Brooklyn,catboost_tuned,2025-11-29 16:00:00,72.07378586759954
Brooklyn,catboost_tuned,2025-11-29 17:00:00,68.52447023458305
Brooklyn,catboost_tuned,2025-11-29 18:00:00,64.32267458239444
Brooklyn,catboost_tuned,2025-11-29 19:00:00,52.36427560581894
Brooklyn,catboost_tuned,2025-11-29 20:00:00,45.614134638020566
Brooklyn,catboost_tuned,2025-11-29 21:00:00,46.246245049341645
Brooklyn,catboost_tuned,2025-11-29 22:00:00,47.1065964446125
Brooklyn,catboost_tuned,2025-11-29 23:00:00,50.6161870972169
Brooklyn,catboost_tuned,2025-11-30 00:00:00,49.81706383400753
Brooklyn,catboost_tuned,2025-11-30 01:00:00,49.39544204765247
Brooklyn,catboost_tuned,2025-11-30 02:00:00,47.65953865722619
Brooklyn,catboost_tuned,2025-11-30 03:00:00,47.27626483110608
Brooklyn,catboost_tuned,2025-11-30 04:00:00,38.80178267497507
Brooklyn,catboost_tuned,2025-11-30 05:00:00,33.67728872982935
Brooklyn,catboost_tuned,2025-11-30 06:00:00,34.80384382078696
Brooklyn,catboost_tuned,2025-11-30 07:00:00,70.48965700816255
Brooklyn,catboost_tuned,2025-11-30 08:00:00,108.58318944936312
Brooklyn,catboost_tuned,2025-11-30 09:00:00,139.8124283515341
Brooklyn,catboost_tuned,2025-11-30 10:00:00,113.48041609796012
Brooklyn,catboost_tuned,2025-11-30 11:00:00,105.41391989245535
Brooklyn,catboost_tuned,2025-11-30 12:00:00,109.24623123172832
Brooklyn,catboost_tuned,2025-11-30 13:00:00,109.21994839853144
Brooklyn,catboost_tuned,2025-11-30 14:00:00,94.37965156981416
Brooklyn,catboost_tuned,2025-11-30 15:00:00,73.96374927436982
Brooklyn,catboost_tuned,2025-11-30 16:00:00,65.34764604521078
Brooklyn,catboost_tuned,2025-11-30 17:00:00,55.98867796570085
Brooklyn,catboost_tuned,2025-11-30 18:00:00,45.710802388146064
Brooklyn,catboost_tuned,2025-11-30 19:00:00,38.05806134956055
Brooklyn,catboost_tuned,2025-11-30 20:00:00,33.31091133396386
Brooklyn,catboost_tuned,2025-11-30 21:00:00,29.643420729166987
Brooklyn,catboost_tuned,2025-11-30 22:00:00,30.0966106582952
Brooklyn,catboost_tuned,2025-11-30 23:00:00,28.58633537863961
EWR,xgboost_tuned,2025-11-24 00:00:00,0.1458028703927993
EWR,xgboost_tuned,2025-11-24 01:00:00,0.1225518882274627
EWR,xgboost_tuned,2025-11-24 02:00:00,0.0926371067762374
EWR,xgboost_tuned,2025-11-24 03:00:00,0.0952978730201721
EWR,xgboost_tuned,2025-11-24 04:00:00,0.2180722057819366
EWR,xgboost_tuned,2025-11-24 05:00:00,0.2781862020492553
EWR,xgboost_tuned,2025-11-24 06:00:00,0.2999691665172577
EWR,xgboost_tuned,2025-11-24 07:00:00,0.2782884240150451
EWR,xgboost_tuned,2025-11-24 08:00:00,0.3229576051235199
EWR,xgboost_tuned,2025-11-24 09:00:00,0.3652941584587097
EWR,xgboost_tuned,2025-11-24 10:00:00,0.4003016948699951
EWR,xgboost_tuned,2025-11-24 11:00:00,0.4564665555953979
EWR,xgboost_tuned,2025-11-24 12:00:00,0.6082422733306885
EWR,xgboost_tuned,2025-11-24 13:00:00,1.2294408082962036
EWR,xgboost_tuned,2025-11-24 14:00:00,2.013381004333496
EWR,xgboost_tuned,2025-11-24 15:00:00,2.0644772052764893
EWR,xgboost_tuned,2025-11-24 16:00:00,1.647834539413452
EWR,xgboost_tuned,2025-11-24 17:00:00,1.6332669258117676
EWR,xgboost_tuned,2025-11-24 18:00:00,1.4029133319854736
EWR,xgboost_tuned,2025-11-24 19:00:00,0.7578390836715698
EWR,xgboost_tuned,2025-11-24 20:00:00,0.5692096948623657
EWR,xgboost_tuned,2025-11-24 21:00:00,0.2048494964838028
EWR,xgboost_tuned,2025-11-24 22:00:00,0.0512391813099384
EWR,xgboost_tuned,2025-11-24 23:00:00,0.0550027936697006
EWR,xgboost_tuned,2025-11-25 00:00:00,0.0568992458283901
EWR,xgboost_tuned,2025-11-25 01:00:00,0.0587504357099533
EWR,xgboost_tuned,2025-11-25 02:00:00,0.0573577098548412
EWR,xgboost_tuned,2025-11-25 03:00:00,0.0784746930003166
EWR,xgboost_tuned,2025-11-25 04:00:00,0.2361079752445221
EWR,xgboost_tuned,2025-11-25 05:00:00,0.2972185313701629
EWR,xgboost_tuned,2025-11-25 06:00:00,0.3345221281051636
EWR,xgboost_tuned,2025-11-25 07:00:00,0.3005066812038421
EWR,xgboost_tuned,2025-11-25 08:00:00,0.3227428495883941
EWR,xgboost_tuned,2025-11-25 09:00:00,0.3413437604904175
EWR,xgboost_tuned,2025-11-25 10:00:00,0.3379264771938324
EWR,xgboost_tuned,2025-11-25 11:00:00,0.3905569314956665
EWR,xgboost_tuned,2025-11-25 12:00:00,0.6180947422981262
EWR,xgboost_tuned,2025-11-25 13:00:00,0.9145265221595764
EWR,xgboost_tuned,2025-11-25 14:00:00,1.4558000564575195
EWR,xgboost_tuned,2025-11-25 15:00:00,1.817188382148743
EWR,xgboost_tuned,2025-11-25 16:00:00,1.360783338546753
EWR,xgboost_tuned,2025-11-25 17:00:00,1.2100138664245603
EWR,xgboost_tuned,2025-11-25 18:00:00,1.091001033782959
EWR,xgboost_tuned,2025-11-25 19:00:00,0.5969775319099426
EWR,xgboost_tuned,2025-11-25 20:00:00,0.364434540271759
EWR,xgboost_tuned,2025-11-25 21:00:00,0.1767549216747284
EWR,xgboost_tuned,2025-11-25 22:00:00,0.0594257935881614
EWR,xgboost_tuned,2025-11-25 23:00:00,0.0492988936603069
EWR,xgboost_tuned,2025-11-26 00:00:00,0.0471717156469821
EWR,xgboost_tuned,2025-11-26 01:00:00,0.0503336749970912
EWR,xgboost_tuned,2025-11-26 02:00:00,0.0528896301984787
EWR,xgboost_tuned,2025-11-26 03:00:00,0.0841644033789634
EWR,xgboost_tuned,2025-11-26 04:00:00,0.2309576123952865
EWR,xgboost_tuned,2025-11-26 05:00:00,0.3140084445476532
EWR,xgboost_tuned,2025-11-26 06:00:00,0.36370450258255
EWR,xgboost_tuned,2025-11-26 07:00:00,0.3301818370819092
EWR,xgboost_tuned,2025-11-26 08:00:00,0.3591020703315735
EWR,xgboost_tuned,2025-11-26 09:00:00,0.3800794780254364
EWR,xgboost_tuned,2025-11-26 10:00:00,0.3782438635826111
EWR,xgboost_tuned,2025-11-26 11:00:00,0.4409138858318329
EWR,xgboost_tuned,2025-11-26 12:00:00,0.635661780834198
EWR,xgboost_tuned,2025-11-26 13:00:00,0.9328930377960204
EWR,xgboost_tuned,2025-11-26 14:00:00,1.4037823677062988
EWR,xgboost_tuned,2025-11-26 15:00:00,1.4353433847427368
EWR,xgboost_tuned,2025-11-26 16:00:00,1.4161098003387451
EWR,xgboost_tuned,2025-11-26 17:00:00,1.2348233461380005
EWR,xgboost_tuned,2025-11-26 18:00:00,1.1721278429031372
EWR,xgboost_tuned,2025-11-26 19:00:00,0.7312155365943909
EWR,xgboost_tuned,2025-11-26 20:00:00,0.4349250793457031
EWR,xgboost_tuned,2025-11-26 21:00:00,0.2059660106897354
EWR,xgboost_tuned,2025-11-26 22:00:00,0.0662106871604919
EWR,xgboost_tuned,2025-11-26 23:00:00,0.0528328530490398
EWR,xgboost_tuned,2025-11-27 00:00:00,0.0600051060318946
EWR,xgboost_tuned,2025-11-27 01:00:00,0.0659515336155891
EWR,xgboost_tuned,2025-11-27 02:00:00,0.0617871284484863
EWR,xgboost_tuned,2025-11-27 03:00:00,0.0929903835058212
EWR,xgboost_tuned,2025-11-27 04:00:00,0.2745663523674011
EWR,xgboost_tuned,2025-11-27 05:00:00,0.5254823565483093
EWR,xgboost_tuned,2025-11-27 06:00:00,0.5604304671287537
EWR,xgboost_tuned,2025-11-27 07:00:00,0.5135427117347717
EWR,xgboost_tuned,2025-11-27 08:00:00,0.5131599307060242
EWR,xgboost_tuned,2025-11-27 09:00:00,0.5669594407081604
EWR,xgboost_tuned,2025-11-27 10:00:00,0.5723217129707336
EWR,xgboost_tuned,2025-11-27 11:00:00,0.6857824921607971
EWR,xgboost_tuned,2025-11-27 12:00:00,0.7050771117210388
EWR,xgboost_tuned,2025-11-27 13:00:00,1.109008550643921
EWR,xgboost_tuned,2025-11-27 14:00:00,1.527561902999878
EWR,xgboost_tuned,2025-11-27 15:00:00,1.527469277381897
EWR,xgboost_tuned,2025-11-27 16:00:00,1.2568576335906982
EWR,xgboost_tuned,2025-11-27 17:00:00,1.157044529914856
EWR,xgboost_tuned,2025-11-27 18:00:00,0.8981884717941284
EWR,xgboost_tuned,2025-11-27 19:00:00,0.658525288105011
EWR,xgboost_tuned,2025-11-27 20:00:00,0.4041349291801452
EWR,xgboost_tuned,2025-11-27 21:00:00,0.2326423674821853
EWR,xgboost_tuned,2025-11-27 22:00:00,0.0810822546482086
EWR,xgboost_tuned,2025-11-27 23:00:00,0.0712962001562118
EWR,xgboost_tuned,2025-11-28 00:00:00,0.0465843603014946
EWR,xgboost_tuned,2025-11-28 01:00:00,0.0480697304010391
EWR,xgboost_tuned,2025-11-28 02:00:00,0.0487192273139953
EWR,xgboost_tuned,2025-11-28 03:00:00,0.0822090879082679
EWR,xgboost_tuned,2025-11-28 04:00:00,0.2701618671417236
EWR,xgboost_tuned,2025-11-28 05:00:00,0.5829522609710693
EWR,xgboost_tuned,2025-11-28 06:00:00,0.6057041883468628
EWR,xgboost_tuned,2025-11-28 07:00:00,0.4775315225124359
EWR,xgboost_tuned,2025-11-28 08:00:00,0.4947854876518249
EWR,xgboost_tuned,2025-11-28 09:00:00,0.5396921038627625
EWR,xgboost_tuned,2025-11-28 10:00:00,0.525827169418335
EWR,xgboost_tuned,2025-11-28 11:00:00,0.5033541321754456
EWR,xgboost_tuned,2025-11-28 12:00:00,0.6614757180213928
EWR,xgboost_tuned,2025-11-28 13:00:00,0.9346038103103638
EWR,xgboost_tuned,2025-11-28 14:00:00,1.4973735809326172
EWR,xgboost_tuned,2025-11-28 15:00:00,1.4691787958145142
EWR,xgboost_tuned,2025-11-28 16:00:00,1.3415662050247192
EWR,xgboost_tuned,2025-11-28 17:00:00,1.233833909034729
EWR,xgboost_tuned,2025-11-28 18:00:00,1.126570701599121
EWR,xgboost_tuned,2025-11-28 19:00:00,0.7593438029289246
EWR,xgboost_tuned,2025-11-28 20:00:00,0.4944709539413452
EWR,xgboost_tuned,2025-11-28 21:00:00,0.1901208758354187
EWR,xgboost_tuned,2025-11-28 22:00:00,0.071162462234497
EWR,xgboost_tuned,2025-11-28 23:00:00,0.0489079132676124
EWR,xgboost_tuned,2025-11-29 00:00:00,0.0560223273932933
EWR,xgboost_tuned,2025-11-29 01:00:00,0.0942445173859596
EWR,xgboost_tuned,2025-11-29 02:00:00,0.0993071794509887
EWR,xgboost_tuned,2025-11-29 03:00:00,0.1431880891323089
EWR,xgboost_tuned,2025-11-29 04:00:00,0.3080653846263885
EWR,xgboost_tuned,2025-11-29 05:00:00,0.3255852460861206
EWR,xgboost_tuned,2025-11-29 06:00:00,0.3675706684589386
EWR,xgboost_tuned,2025-11-29 07:00:00,0.4009277820587158
EWR,xgboost_tuned,2025-11-29 08:00:00,0.5491552948951721
EWR,xgboost_tuned,2025-11-29 09:00:00,0.470381885766983
EWR,xgboost_tuned,2025-11-29 10:00:00,0.423903614282608
EWR,xgboost_tuned,2025-11-29 11:00:00,0.4309630393981933
EWR,xgboost_tuned,2025-11-29 12:00:00,0.4988076090812683
EWR,xgboost_tuned,2025-11-29 13:00:00,1.1111868619918823
EWR,xgboost_tuned,2025-11-29 14:00:00,1.7239441871643066
EWR,xgboost_tuned,2025-11-29 15:00:00,1.7259331941604614
EWR,xgboost_tuned,2025-11-29 16:00:00,1.1801466941833496
EWR,xgboost_tuned,2025-11-29 17:00:00,1.171255588531494
EWR,xgboost_tuned,2025-11-29 18:00:00,1.1253283023834229
EWR,xgboost_tuned,2025-11-29 19:00:00,0.9017250537872314
EWR,xgboost_tuned,2025-11-29 20:00:00,0.6899609565734863
EWR,xgboost_tuned,2025-11-29 21:00:00,0.3347991704940796
EWR,xgboost_tuned,2025-11-29 22:00:00,0.13466577231884
EWR,xgboost_tuned,2025-11-29 23:00:00,0.0796969756484031
EWR,xgboost_tuned,2025-11-30 00:00:00,0.0771197378635406
EWR,xgboost_tuned,2025-11-30 01:00:00,0.0974088609218597
EWR,xgboost_tuned,2025-11-30 02:00:00,0.10266625136137
EWR,xgboost_tuned,2025-11-30 03:00:00,0.1884788572788238
EWR,xgboost_tuned,2025-11-30 04:00:00,0.5664527416229248
EWR,xgboost_tuned,2025-11-30 05:00:00,0.8667989373207092
EWR,xgboost_tuned,2025-11-30 06:00:00,0.578532874584198
EWR,xgboost_tuned,2025-11-30 07:00:00,0.9834414720535278
EWR,xgboost_tuned,2025-11-30 08:00:00,0.8093358278274536
EWR,xgboost_tuned,2025-11-30 09:00:00,0.7966461777687073
EWR,xgboost_tuned,2025-11-30 10:00:00,0.7576957941055298
EWR,xgboost_tuned,2025-11-30 11:00:00,0.7839738130569458
EWR,xgboost_tuned,2025-11-30 12:00:00,1.0160374641418457
EWR,xgboost_tuned,2025-11-30 13:00:00,1.733870029449463
EWR,xgboost_tuned,2025-11-30 14:00:00,3.361607074737549
EWR,xgboost_tuned,2025-11-30 15:00:00,3.67282509803772
EWR,xgboost_tuned,2025-11-30 16:00:00,3.64311146736145
EWR,xgboost_tuned,2025-11-30 17:00:00,2.3777575492858887
EWR,xgboost_tuned,2025-11-30 18:00:00,2.6134135723114014
EWR,xgboost_tuned,2025-11-30 19:00:00,2.326812982559204
EWR,xgboost_tuned,2025-11-30 20:00:00,1.2954643964767456
EWR,xgboost_tuned,2025-11-30 21:00:00,0.3776165544986725
EWR,xgboost_tuned,2025-11-30 22:00:00,0.5832122564315796
EWR,xgboost_tuned,2025-11-30 23:00:00,0.3867225646972656
Manhattan,glm,2025-11-24 00:00:00,1045.7182228976485
Manhattan,glm,2025-11-24 01:00:00,654.1555852209375
Manhattan,glm,2025-11-24 02:00:00,483.02134912000594
Manhattan,glm,2025-11-24 03:00:00,332.02281314814985
Manhattan,glm,2025-11-24 04:00:00,299.1018541284936
Manhattan,glm,2025-11-24 05:00:00,392.32958865511495
Manhattan,glm,2025-11-24 06:00:00,785.0082203533135
Manhattan,glm,2025-11-24 07:00:00,1714.8477355411849
Manhattan,glm,2025-11-24 08:00:00,2766.417977838568
Manhattan,glm,2025-11-24 09:00:00,3703.1192027056
Manhattan,glm,2025-11-24 10:00:00,4343.811359278708
Manhattan,glm,2025-11-24 11:00:00,4801.575803385362
Manhattan,glm,2025-11-24 12:00:00,5170.194095189365
Manhattan,glm,2025-11-24 13:00:00,5259.973240650233
Manhattan,glm,2025-11-24 14:00:00,5562.037457365627
Manhattan,glm,2025-11-24 15:00:00,5689.62318981323
Manhattan,glm,2025-11-24 16:00:00,5652.99178996325
Manhattan,glm,2025-11-24 17:00:00,5831.678941237077
Manhattan,glm,2025-11-24 18:00:00,5846.027343005022
Manhattan,glm,2025-11-24 19:00:00,5120.444999307379
Manhattan,glm,2025-11-24 20:00:00,4763.952820548306
Manhattan,glm,2025-11-24 21:00:00,4372.511412805311
Manhattan,glm,2025-11-24 22:00:00,3392.9290999503387
Manhattan,glm,2025-11-24 23:00:00,2118.598214399572
Manhattan,glm,2025-11-25 00:00:00,1210.3245300567596
Manhattan,glm,2025-11-25 01:00:00,591.5748291140885
Manhattan,glm,2025-11-25 02:00:00,299.14733028981465
Manhattan,glm,2025-11-25 03:00:00,194.6197337825621
Manhattan,glm,2025-11-25 04:00:00,191.2082018814383
Manhattan,glm,2025-11-25 05:00:00,342.2918179719909
Manhattan,glm,2025-11-25 06:00:00,834.3399164650953
Manhattan,glm,2025-11-25 07:00:00,2039.2087628873144
Manhattan,glm,2025-11-25 08:00:00,3513.125087098864
Manhattan,glm,2025-11-25 09:00:00,4500.951855217107
Manhattan,glm,2025-11-25 10:00:00,5056.345075675177
Manhattan,glm,2025-11-25 11:00:00,5473.044832448669
Manhattan,glm,2025-11-25 12:00:00,5859.974996085139
Manhattan,glm,2025-11-25 13:00:00,5915.651019688195
Manhattan,glm,2025-11-25 14:00:00,6215.917658861252
Manhattan,glm,2025-11-25 15:00:00,6434.818091332341
Manhattan,glm,2025-11-25 16:00:00,6433.857790063641
Manhattan,glm,2025-11-25 17:00:00,7007.554855709183
Manhattan,glm,2025-11-25 18:00:00,7304.919854890527
Manhattan,glm,2025-11-25 19:00:00,6518.992553518133
Manhattan,glm,2025-11-25 20:00:00,6292.413099729803
Manhattan,glm,2025-11-25 21:00:00,6240.109801506802
Manhattan,glm,2025-11-25 22:00:00,5267.031459536794
Manhattan,glm,2025-11-25 23:00:00,3608.249950041884
Manhattan,glm,2025-11-26 00:00:00,1720.8868560507046
Manhattan,glm,2025-11-26 01:00:00,830.9839934410675
Manhattan,glm,2025-11-26 02:00:00,414.3110167084693
Manhattan,glm,2025-11-26 03:00:00,261.99300218757384
Manhattan,glm,2025-11-26 04:00:00,228.29938606255345
Manhattan,glm,2025-11-26 05:00:00,395.5671240425021
Manhattan,glm,2025-11-26 06:00:00,981.532217268644
Manhattan,glm,2025-11-26 07:00:00,2316.905203445831
Manhattan,glm,2025-11-26 08:00:00,3888.4358839047977
Manhattan,glm,2025-11-26 09:00:00,4931.547628883188
Manhattan,glm,2025-11-26 10:00:00,5511.606853825342
Manhattan,glm,2025-11-26 11:00:00,5894.127025905343
Manhattan,glm,2025-11-26 12:00:00,6175.466619679337
Manhattan,glm,2025-11-26 13:00:00,6322.114782906418
Manhattan,glm,2025-11-26 14:00:00,6500.276252598193
Manhattan,glm,2025-11-26 15:00:00,6718.774545299494
Manhattan,glm,2025-11-26 16:00:00,6753.123765068335
Manhattan,glm,2025-11-26 17:00:00,7251.527569193461
Manhattan,glm,2025-11-26 18:00:00,7753.58142005865
Manhattan,glm,2025-11-26 19:00:00,7111.995734713835
Manhattan,glm,2025-11-26 20:00:00,6719.23005962032
Manhattan,glm,2025-11-26 21:00:00,6848.571251283103
Manhattan,glm,2025-11-26 22:00:00,6286.6762720639945
Manhattan,glm,2025-11-26 23:00:00,4367.601116866452
Manhattan,glm,2025-11-27 00:00:00,2037.8295376466028
Manhattan,glm,2025-11-27 01:00:00,934.0267127771334
Manhattan,glm,2025-11-27 02:00:00,511.3256443589401
Manhattan,glm,2025-11-27 03:00:00,295.01852500901526
Manhattan,glm,2025-11-27 04:00:00,246.91498827864572
Manhattan,glm,2025-11-27 05:00:00,347.4078326852258
Manhattan,glm,2025-11-27 06:00:00,778.1226673104653
Manhattan,glm,2025-11-27 07:00:00,1888.346636204792
Manhattan,glm,2025-11-27 08:00:00,3168.503519817395
Manhattan,glm,2025-11-27 09:00:00,3994.2164287388114
Manhattan,glm,2025-11-27 10:00:00,4576.131238995914
Manhattan,glm,2025-11-27 11:00:00,4898.9798385174745
Manhattan,glm,2025-11-27 12:00:00,5101.186939902406
Manhattan,glm,2025-11-27 13:00:00,5183.314213472908
Manhattan,glm,2025-11-27 14:00:00,5333.902862068619
Manhattan,glm,2025-11-27 15:00:00,5491.724711168177
Manhattan,glm,2025-11-27 16:00:00,5423.877206941334
Manhattan,glm,2025-11-27 17:00:00,5821.079461488158
Manhattan,glm,2025-11-27 18:00:00,6101.567139042542
Manhattan,glm,2025-11-27 19:00:00,5652.91167997034
Manhattan,glm,2025-11-27 20:00:00,5358.617780459811
Manhattan,glm,2025-11-27 21:00:00,5366.821887445953
Manhattan,glm,2025-11-27 22:00:00,4956.027434488257
Manhattan,glm,2025-11-27 23:00:00,3696.755788522232
Manhattan,glm,2025-11-28 00:00:00,2633.5116926592677
Manhattan,glm,2025-11-28 01:00:00,1631.468989468002
Manhattan,glm,2025-11-28 02:00:00,945.2383137033884
Manhattan,glm,2025-11-28 03:00:00,581.9208355837591
Manhattan,glm,2025-11-28 04:00:00,412.3379965089312
Manhattan,glm,2025-11-28 05:00:00,463.766498420868
Manhattan,glm,2025-11-28 06:00:00,864.4608370232718
Manhattan,glm,2025-11-28 07:00:00,1869.2425945163316
Manhattan,glm,2025-11-28 08:00:00,3076.511904982739
Manhattan,glm,2025-11-28 09:00:00,3990.522150664666
Manhattan,glm,2025-11-28 10:00:00,4582.141153037814
Manhattan,glm,2025-11-28 11:00:00,5012.912504242449
Manhattan,glm,2025-11-28 12:00:00,5302.232805984253
Manhattan,glm,2025-11-28 13:00:00,5427.419721507354
Manhattan,glm,2025-11-28 14:00:00,5692.186125384304
Manhattan,glm,2025-11-28 15:00:00,5971.238809490672
Manhattan,glm,2025-11-28 16:00:00,5919.850756931216
Manhattan,glm,2025-11-28 17:00:00,6333.904665999713
Manhattan,glm,2025-11-28 18:00:00,6615.5331404060935
Manhattan,glm,2025-11-28 19:00:00,5958.911971878013
Manhattan,glm,2025-11-28 20:00:00,5290.908402187019
Manhattan,glm,2025-11-28 21:00:00,5401.643959786135
Manhattan,glm,2025-11-28 22:00:00,5412.407166996897
Manhattan,glm,2025-11-28 23:00:00,4789.476550175985
Manhattan,glm,2025-11-29 00:00:00,3911.973934483935
Manhattan,glm,2025-11-29 01:00:00,3059.3829508256854
Manhattan,glm,2025-11-29 02:00:00,2237.3176810088125
Manhattan,glm,2025-11-29 03:00:00,1514.7082133580475
Manhattan,glm,2025-11-29 04:00:00,945.8799862938332
Manhattan,glm,2025-11-29 05:00:00,557.4188488458135
Manhattan,glm,2025-11-29 06:00:00,646.2656484543975
Manhattan,glm,2025-11-29 07:00:00,1093.769977268223
Manhattan,glm,2025-11-29 08:00:00,1938.3118684610656
Manhattan,glm,2025-11-29 09:00:00,2863.703086115281
Manhattan,glm,2025-11-29 10:00:00,3868.244203462909
Manhattan,glm,2025-11-29 11:00:00,4648.393262456665
Manhattan,glm,2025-11-29 12:00:00,5228.179598450335
Manhattan,glm,2025-11-29 13:00:00,5577.234004873428
Manhattan,glm,2025-11-29 14:00:00,5515.753616005229
Manhattan,glm,2025-11-29 15:00:00,5672.548069310789
Manhattan,glm,2025-11-29 16:00:00,5853.271750184632
Manhattan,glm,2025-11-29 17:00:00,5738.262046001426
Manhattan,glm,2025-11-29 18:00:00,5774.883290841865
Manhattan,glm,2025-11-29 19:00:00,5495.317362056263
Manhattan,glm,2025-11-29 20:00:00,4839.05063829626
Manhattan,glm,2025-11-29 21:00:00,4856.198542369151
Manhattan,glm,2025-11-29 22:00:00,5195.17327195105
Manhattan,glm,2025-11-29 23:00:00,4842.834180148463
Manhattan,glm,2025-11-30 00:00:00,4437.648715102527
Manhattan,glm,2025-11-30 01:00:00,3774.463717499782
Manhattan,glm,2025-11-30 02:00:00,2861.5935779438464
Manhattan,glm,2025-11-30 03:00:00,2015.366456187622
Manhattan,glm,2025-11-30 04:00:00,1256.3110949706977
Manhattan,glm,2025-11-30 05:00:00,578.9320877230264
Manhattan,glm,2025-11-30 06:00:00,605.2331610698477
Manhattan,glm,2025-11-30 07:00:00,949.6490955117662
Manhattan,glm,2025-11-30 08:00:00,1494.7879802615785
Manhattan,glm,2025-11-30 09:00:00,2410.5865994235123
Manhattan,glm,2025-11-30 10:00:00,3565.84302423361
Manhattan,glm,2025-11-30 11:00:00,4526.371192649481
Manhattan,glm,2025-11-30 12:00:00,5194.469949622635
Manhattan,glm,2025-11-30 13:00:00,5484.4308407278
Manhattan,glm,2025-11-30 14:00:00,5529.80493360304
Manhattan,glm,2025-11-30 15:00:00,5445.717602103081
Manhattan,glm,2025-11-30 16:00:00,5361.816130967127
Manhattan,glm,2025-11-30 17:00:00,5113.432054338182
Manhattan,glm,2025-11-30 18:00:00,4802.897523098608
Manhattan,glm,2025-11-30 19:00:00,4164.27721417742
Manhattan,glm,2025-11-30 20:00:00,3688.309218712392
Manhattan,glm,2025-11-30 21:00:00,3276.302309109099
Manhattan,glm,2025-11-30 22:00:00,2727.483647263411
Manhattan,glm,2025-11-30 23:00:00,1842.84607487262
Queens,catboost_tuned,2025-11-24 00:00:00,375.3358315459704
Queens,catboost_tuned,2025-11-24 01:00:00,189.38047771095404
Queens,catboost_tuned,2025-11-24 02:00:00,63.308592908876
Queens,catboost_tuned,2025-11-24 03:00:00,29.8723896125471
Queens,catboost_tuned,2025-11-24 04:00:00,45.29736268581769
Queens,catboost_tuned,2025-11-24 05:00:00,134.64358303625622
Queens,catboost_tuned,2025-11-24 06:00:00,240.45294590663767
Queens,catboost_tuned,2025-11-24 07:00:00,294.4477600535573
Queens,catboost_tuned,2025-11-24 08:00:00,332.2519518116511
Queens,catboost_tuned,2025-11-24 09:00:00,394.2615402695831
Queens,catboost_tuned,2025-11-24 10:00:00,442.5420042423152
Queens,catboost_tuned,2025-11-24 11:00:00,419.83906153397146
Queens,catboost_tuned,2025-11-24 12:00:00,498.405578094975
Queens,catboost_tuned,2025-11-24 13:00:00,539.8065850474036
Queens,catboost_tuned,2025-11-24 14:00:00,689.6073991263166
Queens,catboost_tuned,2025-11-24 15:00:00,708.5845206545711
Queens,catboost_tuned,2025-11-24 16:00:00,737.6708724359619
Queens,catboost_tuned,2025-11-24 17:00:00,645.173199492034
Queens,catboost_tuned,2025-11-24 18:00:00,623.0910277466988
Queens,catboost_tuned,2025-11-24 19:00:00,651.4804600572467
Queens,catboost_tuned,2025-11-24 20:00:00,629.6000070086163
Queens,catboost_tuned,2025-11-24 21:00:00,616.3741063159958
Queens,catboost_tuned,2025-11-24 22:00:00,584.4082492533998
Queens,catboost_tuned,2025-11-24 23:00:00,550.5210245926825
Queens,catboost_tuned,2025-11-25 00:00:00,346.5198099260575
Queens,catboost_tuned,2025-11-25 01:00:00,149.78224861983054
Queens,catboost_tuned,2025-11-25 02:00:00,32.51296527863568
Queens,catboost_tuned,2025-11-25 03:00:00,21.87894347258841
Queens,catboost_tuned,2025-11-25 04:00:00,36.55711769933866
Queens,catboost_tuned,2025-11-25 05:00:00,115.3706360031267
Queens,catboost_tuned,2025-11-25 06:00:00,206.21231221323205
Queens,catboost_tuned,2025-11-25 07:00:00,277.2258821699498
Queens,catboost_tuned,2025-11-25 08:00:00,312.2024071920815
Queens,catboost_tuned,2025-11-25 09:00:00,366.8561795576397
Queens,catboost_tuned,2025-11-25 10:00:00,414.7319464459404
Queens,catboost_tuned,2025-11-25 11:00:00,386.8566679064424
Queens,catboost_tuned,2025-11-25 12:00:00,450.6608164316312
Queens,catboost_tuned,2025-11-25 13:00:00,505.97208598752354
Queens,catboost_tuned,2025-11-25 14:00:00,641.2541644080864
Queens,catboost_tuned,2025-11-25 15:00:00,664.9951597811402
Queens,catboost_tuned,2025-11-25 16:00:00,690.68670431865
Queens,catboost_tuned,2025-11-25 17:00:00,590.1124406002842
Queens,catboost_tuned,2025-11-25 18:00:00,543.6652455609764
Queens,catboost_tuned,2025-11-25 19:00:00,562.4459264957416
Queens,catboost_tuned,2025-11-25 20:00:00,536.8483150835582
Queens,catboost_tuned,2025-11-25 21:00:00,510.11816795400046
Queens,catboost_tuned,2025-11-25 22:00:00,489.7131628289388
Queens,catboost_tuned,2025-11-25 23:00:00,456.4705779740935
Queens,catboost_tuned,2025-11-26 00:00:00,243.21529950430397
Queens,catboost_tuned,2025-11-26 01:00:00,74.20671816601455
Queens,catboost_tuned,2025-11-26 02:00:00,22.768032214045093
Queens,catboost_tuned,2025-11-26 03:00:00,21.128260640633624
Queens,catboost_tuned,2025-11-26 04:00:00,31.90964282033858
Queens,catboost_tuned,2025-11-26 05:00:00,94.75174115643496
Queens,catboost_tuned,2025-11-26 06:00:00,197.8609323015622
Queens,catboost_tuned,2025-11-26 07:00:00,261.00511876064843
Queens,catboost_tuned,2025-11-26 08:00:00,273.09105951410845
Queens,catboost_tuned,2025-11-26 09:00:00,349.7102767300103
Queens,catboost_tuned,2025-11-26 10:00:00,413.50114415223305
Queens,catboost_tuned,2025-11-26 11:00:00,396.2685616166132
Queens,catboost_tuned,2025-11-26 12:00:00,468.4443942463844
Queens,catboost_tuned,2025-11-26 13:00:00,526.7504687117088
Queens,catboost_tuned,2025-11-26 14:00:00,652.268725857867
Queens,catboost_tuned,2025-11-26 15:00:00,669.1140974489707
Queens,catboost_tuned,2025-11-26 16:00:00,694.9133776664795
Queens,catboost_tuned,2025-11-26 17:00:00,589.3580513478191
Queens,catboost_tuned,2025-11-26 18:00:00,552.3006008997512
Queens,catboost_tuned,2025-11-26 19:00:00,586.0683114856823
Queens,catboost_tuned,2025-11-26 20:00:00,566.8386571467024
Queens,catboost_tuned,2025-11-26 21:00:00,548.963626173359
Queens,catboost_tuned,2025-11-26 22:00:00,522.763763817397
Queens,catboost_tuned,2025-11-26 23:00:00,498.0932236989034
Queens,catboost_tuned,2025-11-27 00:00:00,285.9186188558146
Queens,catboost_tuned,2025-11-27 01:00:00,86.14930342352227
Queens,catboost_tuned,2025-11-27 02:00:00,26.639166955202604
Queens,catboost_tuned,2025-11-27 03:00:00,22.51347850898313
Queens,catboost_tuned,2025-11-27 04:00:00,34.23124847309721
Queens,catboost_tuned,2025-11-27 05:00:00,93.06102386858343
Queens,catboost_tuned,2025-11-27 06:00:00,185.5442877531273
Queens,catboost_tuned,2025-11-27 07:00:00,230.13557441742876
Queens,catboost_tuned,2025-11-27 08:00:00,236.59476982385965
Queens,catboost_tuned,2025-11-27 09:00:00,290.7209970093004
Queens,catboost_tuned,2025-11-27 10:00:00,336.2612144915403
Queens,catboost_tuned,2025-11-27 11:00:00,338.93975812781827
Queens,catboost_tuned,2025-11-27 12:00:00,408.2119634776037
Queens,catboost_tuned,2025-11-27 13:00:00,519.8280513798593
Queens,catboost_tuned,2025-11-27 14:00:00,665.583496441474
Queens,catboost_tuned,2025-11-27 15:00:00,669.9139094000958
Queens,catboost_tuned,2025-11-27 16:00:00,701.800060121595
Queens,catboost_tuned,2025-11-27 17:00:00,598.8351648792301
Queens,catboost_tuned,2025-11-27 18:00:00,575.5670780073509
Queens,catboost_tuned,2025-11-27 19:00:00,599.4112709992124
Queens,catboost_tuned,2025-11-27 20:00:00,611.2752308090513
Queens,catboost_tuned,2025-11-27 21:00:00,591.4608848663773
Queens,catboost_tuned,2025-11-27 22:00:00,597.6454326810785
Queens,catboost_tuned,2025-11-27 23:00:00,615.1160134765646
Queens,catboost_tuned,2025-11-28 00:00:00,405.554925984908
Queens,catboost_tuned,2025-11-28 01:00:00,170.3759844237964
Queens,catboost_tuned,2025-11-28 02:00:00,35.93828707070469
Queens,catboost_tuned,2025-11-28 03:00:00,24.02921450157204
Queens,catboost_tuned,2025-11-28 04:00:00,36.831702767714944
Queens,catboost_tuned,2025-11-28 05:00:00,113.76427900123262
Queens,catboost_tuned,2025-11-28 06:00:00,211.4274510435048
Queens,catboost_tuned,2025-11-28 07:00:00,263.6587649557616
Queens,catboost_tuned,2025-11-28 08:00:00,273.60969480899234
Queens,catboost_tuned,2025-11-28 09:00:00,348.1209626728712
Queens,catboost_tuned,2025-11-28 10:00:00,410.0799583331419
Queens,catboost_tuned,2025-11-28 11:00:00,380.21344909285153
Queens,catboost_tuned,2025-11-28 12:00:00,459.3816684497834
Queens,catboost_tuned,2025-11-28 13:00:00,525.6948823677058
Queens,catboost_tuned,2025-11-28 14:00:00,679.9259819868223
Queens,catboost_tuned,2025-11-28 15:00:00,704.8144739818714
Queens,catboost_tuned,2025-11-28 16:00:00,748.6567030224533
Queens,catboost_tuned,2025-11-28 17:00:00,623.9442075006432
Queens,catboost_tuned,2025-11-28 18:00:00,594.9689471081176
Queens,catboost_tuned,2025-11-28 19:00:00,620.2072156049468
Queens,catboost_tuned,2025-11-28 20:00:00,618.8190822981553
Queens,catboost_tuned,2025-11-28 21:00:00,587.211592507828
Queens,catboost_tuned,2025-11-28 22:00:00,541.3859502598718
Queens,catboost_tuned,2025-11-28 23:00:00,541.6255573217178
Queens,catboost_tuned,2025-11-29 00:00:00,345.8120767795679
Queens,catboost_tuned,2025-11-29 01:00:00,131.8283748753986
Queens,catboost_tuned,2025-11-29 02:00:00,42.48410398730376
Queens,catboost_tuned,2025-11-29 03:00:00,28.152133050946308
Queens,catboost_tuned,2025-11-29 04:00:00,36.44229227333777
Queens,catboost_tuned,2025-11-29 05:00:00,79.96729802499064
Queens,catboost_tuned,2025-11-29 06:00:00,149.72842221127794
Queens,catboost_tuned,2025-11-29 07:00:00,176.82459525031987
Queens,catboost_tuned,2025-11-29 08:00:00,211.23996768597087
Queens,catboost_tuned,2025-11-29 09:00:00,284.39177584456024
Queens,catboost_tuned,2025-11-29 10:00:00,305.71998314120424
Queens,catboost_tuned,2025-11-29 11:00:00,298.19241474090023
Queens,catboost_tuned,2025-11-29 12:00:00,394.5659816409017
Queens,catboost_tuned,2025-11-29 13:00:00,431.2427864456751
Queens,catboost_tuned,2025-11-29 14:00:00,554.11794888494
Queens,catboost_tuned,2025-11-29 15:00:00,590.8063583886861
Queens,catboost_tuned,2025-11-29 16:00:00,612.6139894701093
Queens,catboost_tuned,2025-11-29 17:00:00,532.0273698509618
Queens,catboost_tuned,2025-11-29 18:00:00,511.1706034466268
Queens,catboost_tuned,2025-11-29 19:00:00,492.92599112425
Queens,catboost_tuned,2025-11-29 20:00:00,488.74230962419
Queens,catboost_tuned,2025-11-29 21:00:00,433.786950749958
Queens,catboost_tuned,2025-11-29 22:00:00,432.74113119545865
Queens,catboost_tuned,2025-11-29 23:00:00,420.450181382809
Queens,catboost_tuned,2025-11-30 00:00:00,275.2339430602884
Queens,catboost_tuned,2025-11-30 01:00:00,110.13343358939127
Queens,catboost_tuned,2025-11-30 02:00:00,38.73955401165811
Queens,catboost_tuned,2025-11-30 03:00:00,30.747755479393085
Queens,catboost_tuned,2025-11-30 04:00:00,43.19802222487361
Queens,catboost_tuned,2025-11-30 05:00:00,99.28945728614876
Queens,catboost_tuned,2025-11-30 06:00:00,173.42724641730035
Queens,catboost_tuned,2025-11-30 07:00:00,196.65923803206528
Queens,catboost_tuned,2025-11-30 08:00:00,232.53470263830692
Queens,catboost_tuned,2025-11-30 09:00:00,294.0260358150619
Queens,catboost_tuned,2025-11-30 10:00:00,356.88194686187205
Queens,catboost_tuned,2025-11-30 11:00:00,353.776343282989
Queens,catboost_tuned,2025-11-30 12:00:00,452.6295578605158
Queens,catboost_tuned,2025-11-30 13:00:00,524.8859140995435
Queens,catboost_tuned,2025-11-30 14:00:00,645.0204569507297
Queens,catboost_tuned,2025-11-30 15:00:00,712.8823883995884
Queens,catboost_tuned,2025-11-30 16:00:00,752.5436412493757
Queens,catboost_tuned,2025-11-30 17:00:00,677.3263397963201
Queens,catboost_tuned,2025-11-30 18:00:00,647.8207879307392
Queens,catboost_tuned,2025-11-30 19:00:00,691.0475472232972
Queens,catboost_tuned,2025-11-30 20:00:00,672.7464669589231
Queens,catboost_tuned,2025-11-30 21:00:00,669.5746441051298
Queens,catboost_tuned,2025-11-30 22:00:00,676.0211980499971
Queens,catboost_tuned,2025-11-30 23:00:00,677.9135012612561
Staten Island,lightgbm_tuned,2025-11-24 00:00:00,0.0820101012134651
Staten Island,lightgbm_tuned,2025-11-24 01:00:00,0.0026263404883846
Staten Island,lightgbm_tuned,2025-11-24 02:00:00,0.0034154563769133
Staten Island,lightgbm_tuned,2025-11-24 03:00:00,0.0052708042917464
Staten Island,lightgbm_tuned,2025-11-24 04:00:00,0.025998148045283
Staten Island,lightgbm_tuned,2025-11-24 05:00:00,0.0129303198091606
Staten Island,lightgbm_tuned,2025-11-24 06:00:00,0.0111462430033344
Staten Island,lightgbm_tuned,2025-11-24 07:00:00,0.0247321302942574
Staten Island,lightgbm_tuned,2025-11-24 08:00:00,0.0075738535953762
Staten Island,lightgbm_tuned,2025-11-24 09:00:00,0.005668640335752
Staten Island,lightgbm_tuned,2025-11-24 10:00:00,0.0121714648570577
Staten Island,lightgbm_tuned,2025-11-24 11:00:00,0.0079063853960433
Staten Island,lightgbm_tuned,2025-11-24 12:00:00,0.0266499386107147
Staten Island,lightgbm_tuned,2025-11-24 13:00:00,0.10773531673258
Staten Island,lightgbm_tuned,2025-11-24 14:00:00,0.2689611653265136
Staten Island,lightgbm_tuned,2025-11-24 15:00:00,0.1069582965268054
Staten Island,lightgbm_tuned,2025-11-24 16:00:00,0.0474618794095478
Staten Island,lightgbm_tuned,2025-11-24 17:00:00,0.0503647754173777
Staten Island,lightgbm_tuned,2025-11-24 18:00:00,0.0130840554231063
Staten Island,lightgbm_tuned,2025-11-24 19:00:00,0.0235027581381239
Staten Island,lightgbm_tuned,2025-11-24 20:00:00,0.0172735229931111
Staten Island,lightgbm_tuned,2025-11-24 21:00:00,0.019054383333212
Staten Island,lightgbm_tuned,2025-11-24 22:00:00,0.0171660120184865
Staten Island,lightgbm_tuned,2025-11-24 23:00:00,0.0127541285129582
Staten Island,lightgbm_tuned,2025-11-25 00:00:00,0.0230183174004908
Staten Island,lightgbm_tuned,2025-11-25 01:00:00,0.0333412517418517
Staten Island,lightgbm_tuned,2025-11-25 02:00:00,0.0195894112957375
Staten Island,lightgbm_tuned,2025-11-25 03:00:00,0.0224212484193276
Staten Island,lightgbm_tuned,2025-11-25 04:00:00,0.0446538013617298
Staten Island,lightgbm_tuned,2025-11-25 05:00:00,0.0633431482016447
Staten Island,lightgbm_tuned,2025-11-25 06:00:00,0.0482330500013775
Staten Island,lightgbm_tuned,2025-11-25 07:00:00,0.1196650364472366
Staten Island,lightgbm_tuned,2025-11-25 08:00:00,0.1312425745726826
Staten Island,lightgbm_tuned,2025-11-25 09:00:00,0.0478879627255598
Staten Island,lightgbm_tuned,2025-11-25 10:00:00,0.0678628836659798
Staten Island,lightgbm_tuned,2025-11-25 11:00:00,0.0520475357978065
Staten Island,lightgbm_tuned,2025-11-25 12:00:00,0.2431886917968577
Staten Island,lightgbm_tuned,2025-11-25 13:00:00,0.5624427076170978
Staten Island,lightgbm_tuned,2025-11-25 14:00:00,0.3247236056899886
Staten Island,lightgbm_tuned,2025-11-25 15:00:00,0.1935034988592895
Staten Island,lightgbm_tuned,2025-11-25 16:00:00,0.0877015884072251
Staten Island,lightgbm_tuned,2025-11-25 17:00:00,0.0888422629668545
Staten Island,lightgbm_tuned,2025-11-25 18:00:00,0.0183588655542981
Staten Island,lightgbm_tuned,2025-11-25 19:00:00,0.0269640218538252
Staten Island,lightgbm_tuned,2025-11-25 20:00:00,0.0234581368802765
Staten Island,lightgbm_tuned,2025-11-25 21:00:00,0.0204682691116993
Staten Island,lightgbm_tuned,2025-11-25 22:00:00,0.0323000264841158
Staten Island,lightgbm_tuned,2025-11-25 23:00:00,0.0486355753681773
Staten Island,lightgbm_tuned,2025-11-26 00:00:00,0.0165358925171913
Staten Island,lightgbm_tuned,2025-11-26 01:00:00,0.026506242819887
Staten Island,lightgbm_tuned,2025-11-26 02:00:00,0.0108964317463937
Staten Island,lightgbm_tuned,2025-11-26 03:00:00,0.0141599913725806
Staten Island,lightgbm_tuned,2025-11-26 04:00:00,0.0376401265790465
Staten Island,lightgbm_tuned,2025-11-26 05:00:00,0.0559957077753104
Staten Island,lightgbm_tuned,2025-11-26 06:00:00,0.0298361613937544
Staten Island,lightgbm_tuned,2025-11-26 07:00:00,0.0689615722157382
Staten Island,lightgbm_tuned,2025-11-26 08:00:00,0.0480419901774472
Staten Island,lightgbm_tuned,2025-11-26 09:00:00,0.013572074955941
Staten Island,lightgbm_tuned,2025-11-26 10:00:00,0.0192457517401383
Staten Island,lightgbm_tuned,2025-11-26 11:00:00,0.0170558284719012
Staten Island,lightgbm_tuned,2025-11-26 12:00:00,0.0815449170417052
Staten Island,lightgbm_tuned,2025-11-26 13:00:00,0.1582006277609818
Staten Island,lightgbm_tuned,2025-11-26 14:00:00,0.4035625422918638
Staten Island,lightgbm_tuned,2025-11-26 15:00:00,0.0428091160361526
Staten Island,lightgbm_tuned,2025-11-26 16:00:00,0.1532976630547043
Staten Island,lightgbm_tuned,2025-11-26 17:00:00,0.1075087449411554
Staten Island,lightgbm_tuned,2025-11-26 18:00:00,0.0177550503553939
Staten Island,lightgbm_tuned,2025-11-26 19:00:00,0.0524778309341633
Staten Island,lightgbm_tuned,2025-11-26 20:00:00,0.012776337893496
Staten Island,lightgbm_tuned,2025-11-26 21:00:00,0.0343460616598679
Staten Island,lightgbm_tuned,2025-11-26 22:00:00,0.0151295058397473
Staten Island,lightgbm_tuned,2025-11-26 23:00:00,0.0344152557467943
Staten Island,lightgbm_tuned,2025-11-27 00:00:00,0.0113223959635862
Staten Island,lightgbm_tuned,2025-11-27 01:00:00,0.016007003250308
Staten Island,lightgbm_tuned,2025-11-27 02:00:00,0.0109627523661162
Staten Island,lightgbm_tuned,2025-11-27 03:00:00,0.0126936876081406
Staten Island,lightgbm_tuned,2025-11-27 04:00:00,0.0217872313847364
Staten Island,lightgbm_tuned,2025-11-27 05:00:00,0.0343362952031541
Staten Island,lightgbm_tuned,2025-11-27 06:00:00,0.0181116806558003
Staten Island,lightgbm_tuned,2025-11-27 07:00:00,0.0345321088649128
Staten Island,lightgbm_tuned,2025-11-27 08:00:00,0.064415083732148
Staten Island,lightgbm_tuned,2025-11-27 09:00:00,0.0174216319202422
Staten Island,lightgbm_tuned,2025-11-27 10:00:00,0.0163872670630914
Staten Island,lightgbm_tuned,2025-11-27 11:00:00,0.0114438373334818
Staten Island,lightgbm_tuned,2025-11-27 12:00:00,0.0897420889186025
Staten Island,lightgbm_tuned,2025-11-27 13:00:00,0.3344484116442526
Staten Island,lightgbm_tuned,2025-11-27 14:00:00,0.2243768786333244
Staten Island,lightgbm_tuned,2025-11-27 15:00:00,0.2225068217488831
Staten Island,lightgbm_tuned,2025-11-27 16:00:00,0.0441778341775064
Staten Island,lightgbm_tuned,2025-11-27 17:00:00,0.0274181300810138
Staten Island,lightgbm_tuned,2025-11-27 18:00:00,0.0134256978497116
Staten Island,lightgbm_tuned,2025-11-27 19:00:00,0.0262448015501603
Staten Island,lightgbm_tuned,2025-11-27 20:00:00,0.0171352360794112
Staten Island,lightgbm_tuned,2025-11-27 21:00:00,0.0147322495756843
Staten Island,lightgbm_tuned,2025-11-27 22:00:00,0.0126785283118849
Staten Island,lightgbm_tuned,2025-11-27 23:00:00,0.0280979150710595
Staten Island,lightgbm_tuned,2025-11-28 00:00:00,0.0080836929352822
Staten Island,lightgbm_tuned,2025-11-28 01:00:00,0.0484986418705391
Staten Island,lightgbm_tuned,2025-11-28 02:00:00,0.0057097653797558
Staten Island,lightgbm_tuned,2025-11-28 03:00:00,0.0080520189046982
Staten Island,lightgbm_tuned,2025-11-28 04:00:00,0.0166566531199734
Staten Island,lightgbm_tuned,2025-11-28 05:00:00,0.0201028692716395
Staten Island,lightgbm_tuned,2025-11-28 06:00:00,0.0191235701168073
Staten Island,lightgbm_tuned,2025-11-28 07:00:00,0.0430479350587407
Staten Island,lightgbm_tuned,2025-11-28 08:00:00,0.0620470679224207
Staten Island,lightgbm_tuned,2025-11-28 09:00:00,0.0491428735585764
Staten Island,lightgbm_tuned,2025-11-28 10:00:00,0.0089381186678897
Staten Island,lightgbm_tuned,2025-11-28 11:00:00,0.0044774140168736
Staten Island,lightgbm_tuned,2025-11-28 12:00:00,0.0246189788403206
Staten Island,lightgbm_tuned,2025-11-28 13:00:00,0.1631787862263665
Staten Island,lightgbm_tuned,2025-11-28 14:00:00,0.237372291893781
Staten Island,lightgbm_tuned,2025-11-28 15:00:00,0.404848978148971
Staten Island,lightgbm_tuned,2025-11-28 16:00:00,0.1191476475940516
Staten Island,lightgbm_tuned,2025-11-28 17:00:00,0.0286852952086512
Staten Island,lightgbm_tuned,2025-11-28 18:00:00,0.0053704892299168
Staten Island,lightgbm_tuned,2025-11-28 19:00:00,0.0092748789663913
Staten Island,lightgbm_tuned,2025-11-28 20:00:00,0.0069651030169052
Staten Island,lightgbm_tuned,2025-11-28 21:00:00,0.0078401793623945
Staten Island,lightgbm_tuned,2025-11-28 22:00:00,0.0061582509811824
Staten Island,lightgbm_tuned,2025-11-28 23:00:00,0.0144588017577094
Staten Island,lightgbm_tuned,2025-11-29 00:00:00,0.0046188603976675
Staten Island,lightgbm_tuned,2025-11-29 01:00:00,0.0092956705032471
Staten Island,lightgbm_tuned,2025-11-29 02:00:00,0.0088475293296878
Staten Island,lightgbm_tuned,2025-11-29 03:00:00,0.0091475480180287
Staten Island,lightgbm_tuned,2025-11-29 04:00:00,0.0208627758800996
Staten Island,lightgbm_tuned,2025-11-29 05:00:00,0.0192986728889612
Staten Island,lightgbm_tuned,2025-11-29 06:00:00,0.0176897902181987
Staten Island,lightgbm_tuned,2025-11-29 07:00:00,0.025227815529058
Staten Island,lightgbm_tuned,2025-11-29 08:00:00,0.0434171506713466
Staten Island,lightgbm_tuned,2025-11-29 09:00:00,0.0221224571947646
Staten Island,lightgbm_tuned,2025-11-29 10:00:00,0.014875743345309
Staten Island,lightgbm_tuned,2025-11-29 11:00:00,0.0097776735966771
Staten Island,lightgbm_tuned,2025-11-29 12:00:00,0.0215498297041867
Staten Island,lightgbm_tuned,2025-11-29 13:00:00,0.2774421695727265
Staten Island,lightgbm_tuned,2025-11-29 14:00:00,0.3302135542538984
Staten Island,lightgbm_tuned,2025-11-29 15:00:00,0.6612971644282919
Staten Island,lightgbm_tuned,2025-11-29 16:00:00,0.3749723464232619
Staten Island,lightgbm_tuned,2025-11-29 17:00:00,0.18604344299563
Staten Island,lightgbm_tuned,2025-11-29 18:00:00,0.019126859931094
Staten Island,lightgbm_tuned,2025-11-29 19:00:00,0.0335369251348799
Staten Island,lightgbm_tuned,2025-11-29 20:00:00,0.0291551139667769
Staten Island,lightgbm_tuned,2025-11-29 21:00:00,0.0344201929059721
Staten Island,lightgbm_tuned,2025-11-29 22:00:00,0.0229324768582355
Staten Island,lightgbm_tuned,2025-11-29 23:00:00,0.0316044568737262
Staten Island,lightgbm_tuned,2025-11-30 00:00:00,0.0067611436638343
Staten Island,lightgbm_tuned,2025-11-30 01:00:00,0.0062278869019473
Staten Island,lightgbm_tuned,2025-11-30 02:00:00,0.0061533059683248
Staten Island,lightgbm_tuned,2025-11-30 03:00:00,0.0068466033717062
Staten Island,lightgbm_tuned,2025-11-30 04:00:00,0.0242705567273914
Staten Island,lightgbm_tuned,2025-11-30 05:00:00,0.0203715299179162
Staten Island,lightgbm_tuned,2025-11-30 06:00:00,0.0156892566661772
Staten Island,lightgbm_tuned,2025-11-30 07:00:00,0.0292881853305402
Staten Island,lightgbm_tuned,2025-11-30 08:00:00,0.0498656799972779
Staten Island,lightgbm_tuned,2025-11-30 09:00:00,0.0180914019315657
Staten Island,lightgbm_tuned,2025-11-30 10:00:00,0.0157332461720265
Staten Island,lightgbm_tuned,2025-11-30 11:00:00,0.0107075283563211
Staten Island,lightgbm_tuned,2025-11-30 12:00:00,0.0178177810132452
Staten Island,lightgbm_tuned,2025-11-30 13:00:00,0.0655150844292243
Staten Island,lightgbm_tuned,2025-11-30 14:00:00,0.1020891067563855
Staten Island,lightgbm_tuned,2025-11-30 15:00:00,0.108720140527066
Staten Island,lightgbm_tuned,2025-11-30 16:00:00,0.1582578168922796
Staten Island,lightgbm_tuned,2025-11-30 17:00:00,0.1239869360412149
Staten Island,lightgbm_tuned,2025-11-30 18:00:00,0.0240845350953653
Staten Island,lightgbm_tuned,2025-11-30 19:00:00,0.0351978754525183
Staten Island,lightgbm_tuned,2025-11-30 20:00:00,0.0295350441108015
Staten Island,lightgbm_tuned,2025-11-30 21:00:00,0.0575426202837281
Staten Island,lightgbm_tuned,2025-11-30 22:00:00,0.021050414234156
Staten Island,lightgbm_tuned,2025-11-30 23:00:00,0.0381116890049521
Unknown,stacked,2025-11-24 00:00:00,4.19813850743044
Unknown,stacked,2025-11-24 01:00:00,2.428212135231833
Unknown,stacked,2025-11-24 02:00:00,2.379170854230666
Unknown,stacked,2025-11-24 03:00:00,1.5669770971699102
Unknown,stacked,2025-11-24 04:00:00,1.5806292286732997
Unknown,stacked,2025-11-24 05:00:00,2.1479032338053767
Unknown,stacked,2025-11-24 06:00:00,3.531393672839084
Unknown,stacked,2025-11-24 07:00:00,9.81334127547483
Unknown,stacked,2025-11-24 08:00:00,10.87208096630603
Unknown,stacked,2025-11-24 09:00:00,10.451197786743768
Unknown,stacked,2025-11-24 10:00:00,10.441498205137105
Unknown,stacked,2025-11-24 11:00:00,11.270976816125993
Unknown,stacked,2025-11-24 12:00:00,12.34861889261046
Unknown,stacked,2025-11-24 13:00:00,13.184769783785203
Unknown,stacked,2025-11-24 14:00:00,14.978655474399568
Unknown,stacked,2025-11-24 15:00:00,15.451891130661815
Unknown,stacked,2025-11-24 16:00:00,15.526584506399123
Unknown,stacked,2025-11-24 17:00:00,15.0128372242835
Unknown,stacked,2025-11-24 18:00:00,14.160284396990384
Unknown,stacked,2025-11-24 19:00:00,12.07466888104964
Unknown,stacked,2025-11-24 20:00:00,12.222185075579128
Unknown,stacked,2025-11-24 21:00:00,10.920270339569225
Unknown,stacked,2025-11-24 22:00:00,8.45211523705253
Unknown,stacked,2025-11-24 23:00:00,6.33486215463271
Unknown,stacked,2025-11-25 00:00:00,4.256096846767207
Unknown,stacked,2025-11-25 01:00:00,2.1934348534405084
Unknown,stacked,2025-11-25 02:00:00,1.4256925893472094
Unknown,stacked,2025-11-25 03:00:00,1.246960537199642
Unknown,stacked,2025-11-25 04:00:00,1.3802002393506034
Unknown,stacked,2025-11-25 05:00:00,2.0670906618055374
Unknown,stacked,2025-11-25 06:00:00,4.219300083062606
Unknown,stacked,2025-11-25 07:00:00,11.061155420948584
Unknown,stacked,2025-11-25 08:00:00,11.894773888725211
Unknown,stacked,2025-11-25 09:00:00,11.41245424469379
Unknown,stacked,2025-11-25 10:00:00,11.37533923022118
Unknown,stacked,2025-11-25 11:00:00,11.592055028748614
Unknown,stacked,2025-11-25 12:00:00,12.402985071725348
Unknown,stacked,2025-11-25 13:00:00,13.532912566921514
Unknown,stacked,2025-11-25 14:00:00,15.617880851641676
Unknown,stacked,2025-11-25 15:00:00,15.371819782598555
Unknown,stacked,2025-11-25 16:00:00,14.780312147621077
Unknown,stacked,2025-11-25 17:00:00,15.245024122124486
Unknown,stacked,2025-11-25 18:00:00,14.765612226201918
Unknown,stacked,2025-11-25 19:00:00,11.520639810420423
Unknown,stacked,2025-11-25 20:00:00,12.9290481788024
Unknown,stacked,2025-11-25 21:00:00,12.333351014779767
Unknown,stacked,2025-11-25 22:00:00,9.678107016567328
Unknown,stacked,2025-11-25 23:00:00,6.018226074729835
Unknown,stacked,2025-11-26 00:00:00,4.712341332902527
Unknown,stacked,2025-11-26 01:00:00,3.350738266461039
Unknown,stacked,2025-11-26 02:00:00,2.0852895435288503
Unknown,stacked,2025-11-26 03:00:00,1.5669909963786133
Unknown,stacked,2025-11-26 04:00:00,1.7101259981343715
Unknown,stacked,2025-11-26 05:00:00,2.352927675542824
Unknown,stacked,2025-11-26 06:00:00,4.494322983023357
Unknown,stacked,2025-11-26 07:00:00,11.037175388956854
Unknown,stacked,2025-11-26 08:00:00,12.001372090621048
Unknown,stacked,2025-11-26 09:00:00,11.838140892345368
Unknown,stacked,2025-11-26 10:00:00,11.478591563287464
Unknown,stacked,2025-11-26 11:00:00,11.715128418248565
Unknown,stacked,2025-11-26 12:00:00,12.971906821274075
Unknown,stacked,2025-11-26 13:00:00,14.3168808867286
Unknown,stacked,2025-11-26 14:00:00,15.840188442018452
Unknown,stacked,2025-11-26 15:00:00,16.018642624321995
Unknown,stacked,2025-11-26 16:00:00,15.331372860508912
Unknown,stacked,2025-11-26 17:00:00,15.210916292949554
Unknown,stacked,2025-11-26 18:00:00,14.866074816833706
Unknown,stacked,2025-11-26 19:00:00,12.845240324245951
Unknown,stacked,2025-11-26 20:00:00,13.234972785422162
Unknown,stacked,2025-11-26 21:00:00,13.188587999845067
Unknown,stacked,2025-11-26 22:00:00,11.686916109093124
Unknown,stacked,2025-11-26 23:00:00,8.996298283488988
Unknown,stacked,2025-11-27 00:00:00,5.3261538224119
Unknown,stacked,2025-11-27 01:00:00,3.8851578973027103
Unknown,stacked,2025-11-27 02:00:00,2.6411100405783974
Unknown,stacked,2025-11-27 03:00:00,2.171459774415391
Unknown,stacked,2025-11-27 04:00:00,2.2044502355779074
Unknown,stacked,2025-11-27 05:00:00,2.662201136575422
Unknown,stacked,2025-11-27 06:00:00,4.447720307418783
Unknown,stacked,2025-11-27 07:00:00,8.096273697334238
Unknown,stacked,2025-11-27 08:00:00,9.68898107829623
Unknown,stacked,2025-11-27 09:00:00,9.86260714678358
Unknown,stacked,2025-11-27 10:00:00,9.963527889501856
Unknown,stacked,2025-11-27 11:00:00,10.347744945359036
Unknown,stacked,2025-11-27 12:00:00,11.462065934559073
Unknown,stacked,2025-11-27 13:00:00,13.15161245856278
Unknown,stacked,2025-11-27 14:00:00,14.55893508745208
Unknown,stacked,2025-11-27 15:00:00,14.54391938158807
Unknown,stacked,2025-11-27 16:00:00,13.605338293526616
Unknown,stacked,2025-11-27 17:00:00,13.19511090329242
Unknown,stacked,2025-11-27 18:00:00,12.567125481909947
Unknown,stacked,2025-11-27 19:00:00,11.71337784680346
Unknown,stacked,2025-11-27 20:00:00,11.311085428472722
Unknown,stacked,2025-11-27 21:00:00,10.994337503167966
Unknown,stacked,2025-11-27 22:00:00,10.353860636194348
Unknown,stacked,2025-11-27 23:00:00,8.209039075807649
Unknown,stacked,2025-11-28 00:00:00,5.99033225085779
Unknown,stacked,2025-11-28 01:00:00,3.99235710092887
Unknown,stacked,2025-11-28 02:00:00,2.7001077050287488
Unknown,stacked,2025-11-28 03:00:00,2.846484329918259
Unknown,stacked,2025-11-28 04:00:00,2.1803508856162908
Unknown,stacked,2025-11-28 05:00:00,2.925220335152192
Unknown,stacked,2025-11-28 06:00:00,4.253738214381026
Unknown,stacked,2025-11-28 07:00:00,6.747408621060663
Unknown,stacked,2025-11-28 08:00:00,8.767547209979137
Unknown,stacked,2025-11-28 09:00:00,9.638288459796376
Unknown,stacked,2025-11-28 10:00:00,10.127434254971773
Unknown,stacked,2025-11-28 11:00:00,10.623962803552322
Unknown,stacked,2025-11-28 12:00:00,11.593525933667848
Unknown,stacked,2025-11-28 13:00:00,13.72079897411764
Unknown,stacked,2025-11-28 14:00:00,14.916953965144833
Unknown,stacked,2025-11-28 15:00:00,14.919987536923117
Unknown,stacked,2025-11-28 16:00:00,14.563073008325318
Unknown,stacked,2025-11-28 17:00:00,15.086902096634311
Unknown,stacked,2025-11-28 18:00:00,15.146027896025808
Unknown,stacked,2025-11-28 19:00:00,12.71366000406291
Unknown,stacked,2025-11-28 20:00:00,11.530565369586895
Unknown,stacked,2025-11-28 21:00:00,11.173397649529226
Unknown,stacked,2025-11-28 22:00:00,9.86474834899207
Unknown,stacked,2025-11-28 23:00:00,9.003003362464487
Unknown,stacked,2025-11-29 00:00:00,8.122153506687434
Unknown,stacked,2025-11-29 01:00:00,6.028820513428788
Unknown,stacked,2025-11-29 02:00:00,5.128710746399975
Unknown,stacked,2025-11-29 03:00:00,4.5191028210246005
Unknown,stacked,2025-11-29 04:00:00,3.96121338709205
Unknown,stacked,2025-11-29 05:00:00,3.9079421721339775
Unknown,stacked,2025-11-29 06:00:00,3.912057814822224
Unknown,stacked,2025-11-29 07:00:00,6.256537504242718
Unknown,stacked,2025-11-29 08:00:00,7.649461036044255
Unknown,stacked,2025-11-29 09:00:00,8.606926967804476
Unknown,stacked,2025-11-29 10:00:00,9.170447815393771
Unknown,stacked,2025-11-29 11:00:00,10.674839855461206
Unknown,stacked,2025-11-29 12:00:00,12.937659450916629
Unknown,stacked,2025-11-29 13:00:00,14.678555191734931
Unknown,stacked,2025-11-29 14:00:00,15.41041279458369
Unknown,stacked,2025-11-29 15:00:00,15.457163098545047
Unknown,stacked,2025-11-29 16:00:00,14.87334577093872
Unknown,stacked,2025-11-29 17:00:00,14.58663895089298
Unknown,stacked,2025-11-29 18:00:00,14.415723371568172
Unknown,stacked,2025-11-29 19:00:00,13.183256335391428
Unknown,stacked,2025-11-29 20:00:00,12.826731952110972
Unknown,stacked,2025-11-29 21:00:00,12.305172819717832
Unknown,stacked,2025-11-29 22:00:00,12.034430423585292
Unknown,stacked,2025-11-29 23:00:00,11.295158023669035
Unknown,stacked,2025-11-30 00:00:00,7.891952313696894
Unknown,stacked,2025-11-30 01:00:00,6.507984458349322
Unknown,stacked,2025-11-30 02:00:00,6.134413865795249
Unknown,stacked,2025-11-30 03:00:00,4.248064010603724
Unknown,stacked,2025-11-30 04:00:00,3.64553905997083
Unknown,stacked,2025-11-30 05:00:00,3.4905505295702866
Unknown,stacked,2025-11-30 06:00:00,3.211758491456836
Unknown,stacked,2025-11-30 07:00:00,4.293347413115384
Unknown,stacked,2025-11-30 08:00:00,7.48402163745733
Unknown,stacked,2025-11-30 09:00:00,8.245299061485186
Unknown,stacked,2025-11-30 10:00:00,9.444241926918972
Unknown,stacked,2025-11-30 11:00:00,10.997629483010398
Unknown,stacked,2025-11-30 12:00:00,13.11587857647728
Unknown,stacked,2025-11-30 13:00:00,14.696919777433523
Unknown,stacked,2025-11-30 14:00:00,15.62504518671232
Unknown,stacked,2025-11-30 15:00:00,15.309774460896143
Unknown,stacked,2025-11-30 16:00:00,14.73813442829724
Unknown,stacked,2025-11-30 17:00:00,14.515057754979413
Unknown,stacked,2025-11-30 18:00:00,13.783325071888896
Unknown,stacked,2025-11-30 19:00:00,11.93657540140609
Unknown,stacked,2025-11-30 20:00:00,12.1563625980187
Unknown,stacked,2025-11-30 21:00:00,10.624659017324158
Unknown,stacked,2025-11-30 22:00:00,8.241527036712968
Unknown,stacked,2025-11-30 23:00:00,7.1436167256646
