week,zone_type,hour,mae
2025-06-30/2025-07-06,airport,0,86.70837927779633
2025-06-30/2025-07-06,airport,1,74.78328816761449
2025-06-30/2025-07-06,airport,2,54.91282922447416
2025-06-30/2025-07-06,airport,3,16.165390987868616
2025-06-30/2025-07-06,airport,4,5.283740298395908
2025-06-30/2025-07-06,airport,5,12.16988103721491
2025-06-30/2025-07-06,airport,6,27.402056810076125
2025-06-30/2025-07-06,airport,7,23.095507958144687
2025-06-30/2025-07-06,airport,8,37.306075772297255
2025-06-30/2025-07-06,airport,9,22.31068209658826
2025-06-30/2025-07-06,airport,10,30.78708691241471
2025-06-30/2025-07-06,airport,11,35.73043362441528
2025-06-30/2025-07-06,airport,12,29.706646349184304
2025-06-30/2025-07-06,airport,13,55.4907993445363
2025-06-30/2025-07-06,airport,14,36.21366816861986
2025-06-30/2025-07-06,airport,15,50.39695278951564
2025-06-30/2025-07-06,airport,16,50.82898749239088
2025-06-30/2025-07-06,airport,17,46.487647574284836
2025-06-30/2025-07-06,airport,18,57.31784738973347
2025-06-30/2025-07-06,airport,19,73.03511302692131
2025-06-30/2025-07-06,airport,20,73.87239594749256
2025-06-30/2025-07-06,airport,21,77.51971706310403
2025-06-30/2025-07-06,airport,22,61.450332533943275
2025-06-30/2025-07-06,airport,23,44.35515488903619
2025-06-30/2025-07-06,non_airport,0,681.7889531148248
2025-06-30/2025-07-06,non_airport,1,375.40173895001305
2025-06-30/2025-07-06,non_airport,2,177.5262786461085
2025-06-30/2025-07-06,non_airport,3,112.12357677777325
2025-06-30/2025-07-06,non_airport,4,51.039361620988295
2025-06-30/2025-07-06,non_airport,5,93.84049607327388
2025-06-30/2025-07-06,non_airport,6,202.9072205529616
2025-06-30/2025-07-06,non_airport,7,485.90026201737203
2025-06-30/2025-07-06,non_airport,8,720.9607371656944
2025-06-30/2025-07-06,non_airport,9,908.1516672775639
2025-06-30/2025-07-06,non_airport,10,974.0429655383855
2025-06-30/2025-07-06,non_airport,11,1063.7629384675354
2025-06-30/2025-07-06,non_airport,12,1188.714328912448
2025-06-30/2025-07-06,non_airport,13,1253.0201511642922
2025-06-30/2025-07-06,non_airport,14,1425.4693291525873
2025-06-30/2025-07-06,non_airport,15,1464.879511113222
2025-06-30/2025-07-06,non_airport,16,1627.2015701006953
2025-06-30/2025-07-06,non_airport,17,1729.502904477043
2025-06-30/2025-07-06,non_airport,18,1781.8018056387764
2025-06-30/2025-07-06,non_airport,19,1806.2196566841894
2025-06-30/2025-07-06,non_airport,20,1671.4979537492377
2025-06-30/2025-07-06,non_airport,21,1524.6869037573833
2025-06-30/2025-07-06,non_airport,22,1397.3434476846426
2025-06-30/2025-07-06,non_airport,23,1028.7181467432238
2025-07-07/2025-07-13,airport,0,116.04872719103224
2025-07-07/2025-07-13,airport,1,61.21817506342851
2025-07-07/2025-07-13,airport,2,56.678037385523126
2025-07-07/2025-07-13,airport,3,16.3885135895822
2025-07-07/2025-07-13,airport,4,9.754615893527582
2025-07-07/2025-07-13,airport,5,19.090688896401808
2025-07-07/2025-07-13,airport,6,35.12320440604349
2025-07-07/2025-07-13,airport,7,23.84904993861372
2025-07-07/2025-07-13,airport,8,31.88839654047751
2025-07-07/2025-07-13,airport,9,29.152436948035003
2025-07-07/2025-07-13,airport,10,17.90892897974509
2025-07-07/2025-07-13,airport,11,49.78341153145516
2025-07-07/2025-07-13,airport,12,28.36551305733492
2025-07-07/2025-07-13,airport,13,50.92806280248086
2025-07-07/2025-07-13,airport,14,38.30578561141853
2025-07-07/2025-07-13,airport,15,37.34502294086424
2025-07-07/2025-07-13,airport,16,49.56200307370129
2025-07-07/2025-07-13,airport,17,51.07820087154012
2025-07-07/2025-07-13,airport,18,44.60871597890256
2025-07-07/2025-07-13,airport,19,56.590486927988124
2025-07-07/2025-07-13,airport,20,49.99046693757146
2025-07-07/2025-07-13,airport,21,65.92405732769208
2025-07-07/2025-07-13,airport,22,62.82266954685336
2025-07-07/2025-07-13,airport,23,56.77074489361319
2025-07-07/2025-07-13,non_airport,0,757.6491028979241
2025-07-07/2025-07-13,non_airport,1,436.2380538182778
2025-07-07/2025-07-13,non_airport,2,237.93580390542516
2025-07-07/2025-07-13,non_airport,3,157.70894001344246
2025-07-07/2025-07-13,non_airport,4,60.880616407934575
2025-07-07/2025-07-13,non_airport,5,115.69481565671755
2025-07-07/2025-07-13,non_airport,6,223.7521375432566
2025-07-07/2025-07-13,non_airport,7,513.435353114754
2025-07-07/2025-07-13,non_airport,8,711.4420323940753
2025-07-07/2025-07-13,non_airport,9,921.5117393338428
2025-07-07/2025-07-13,non_airport,10,1013.6801106855528
2025-07-07/2025-07-13,non_airport,11,1133.251674360505
2025-07-07/2025-07-13,non_airport,12,1170.995410663239
2025-07-07/2025-07-13,non_airport,13,1279.196321698056
2025-07-07/2025-07-13,non_airport,14,1432.380502054788
2025-07-07/2025-07-13,non_airport,15,1529.8032627892273
2025-07-07/2025-07-13,non_airport,16,1550.2278585205402
2025-07-07/2025-07-13,non_airport,17,1765.9735191752713
2025-07-07/2025-07-13,non_airport,18,1821.2221122536548
2025-07-07/2025-07-13,non_airport,19,1837.8245403302667
2025-07-07/2025-07-13,non_airport,20,1706.2574349521933
2025-07-07/2025-07-13,non_airport,21,1619.6235964943376
2025-07-07/2025-07-13,non_airport,22,1443.3377952683595
2025-07-07/2025-07-13,non_airport,23,1138.5692614579052
2025-07-14/2025-07-20,airport,0,76.29045575299584
2025-07-14/2025-07-20,airport,1,79.06578758977676
2025-07-14/2025-07-20,airport,2,47.47640613490971
2025-07-14/2025-07-20,airport,3,20.816767153445255
2025-07-14/2025-07-20,airport,4,14.617614982745597
2025-07-14/2025-07-20,airport,5,22.37105202151242
2025-07-14/2025-07-20,airport,6,36.47750022973737
2025-07-14/2025-07-20,airport,7,23.573742372580917
2025-07-14/2025-07-20,airport,8,32.27712459881497
2025-07-14/2025-07-20,airport,9,27.85609596542404
2025-07-14/2025-07-20,airport,10,18.25377178300855
2025-07-14/2025-07-20,airport,11,40.1086238892751
2025-07-14/2025-07-20,airport,12,32.9248229419965
2025-07-14/2025-07-20,airport,13,47.45137690005734
2025-07-14/2025-07-20,airport,14,38.64345614531163
2025-07-14/2025-07-20,airport,15,57.71708754804325
2025-07-14/2025-07-20,airport,16,43.398165962573344
2025-07-14/2025-07-20,airport,17,53.55035182923259
2025-07-14/2025-07-20,airport,18,48.212580788076046
2025-07-14/2025-07-20,airport,19,51.03739266928453
2025-07-14/2025-07-20,airport,20,66.19398594382004
2025-07-14/2025-07-20,airport,21,63.747421187829545
2025-07-14/2025-07-20,airport,22,60.26037600230008
2025-07-14/2025-07-20,airport,23,48.8887963052271
2025-07-14/2025-07-20,non_airport,0,817.2949911933863
2025-07-14/2025-07-20,non_airport,1,530.9480332963002
2025-07-14/2025-07-20,non_airport,2,309.5641316228742
2025-07-14/2025-07-20,non_airport,3,212.80990882310752
2025-07-14/2025-07-20,non_airport,4,118.3402818236359
2025-07-14/2025-07-20,non_airport,5,168.02994122864555
2025-07-14/2025-07-20,non_airport,6,275.79914119097344
2025-07-14/2025-07-20,non_airport,7,542.7693097887411
2025-07-14/2025-07-20,non_airport,8,785.887515760322
2025-07-14/2025-07-20,non_airport,9,989.8946777058007
2025-07-14/2025-07-20,non_airport,10,1028.3146654270727
2025-07-14/2025-07-20,non_airport,11,1156.486539846022
2025-07-14/2025-07-20,non_airport,12,1248.4823015473717
2025-07-14/2025-07-20,non_airport,13,1299.5460897122314
2025-07-14/2025-07-20,non_airport,14,1459.5466884636203
2025-07-14/2025-07-20,non_airport,15,1573.328834829569
2025-07-14/2025-07-20,non_airport,16,1657.2015414443354
2025-07-14/2025-07-20,non_airport,17,1696.814792687197
2025-07-14/2025-07-20,non_airport,18,1860.5715668392554
2025-07-14/2025-07-20,non_airport,19,1873.9358512224935
2025-07-14/2025-07-20,non_airport,20,1719.4891566891472
2025-07-14/2025-07-20,non_airport,21,1666.6838451994984
2025-07-14/2025-07-20,non_airport,22,1546.131606884904
2025-07-14/2025-07-20,non_airport,23,1242.908660284513
2025-07-21/2025-07-27,airport,0,73.63769417669721
2025-07-21/2025-07-27,airport,1,48.26800271302897
2025-07-21/2025-07-27,airport,2,37.67628027910591
2025-07-21/2025-07-27,airport,3,18.67422471592783
2025-07-21/2025-07-27,airport,4,15.399396443904534
2025-07-21/2025-07-27,airport,5,19.195298582255468
2025-07-21/2025-07-27,airport,6,41.42835294387732
2025-07-21/2025-07-27,airport,7,23.620057355351214
2025-07-21/2025-07-27,airport,8,41.92278483026358
2025-07-21/2025-07-27,airport,9,37.17121654678221
2025-07-21/2025-07-27,airport,10,28.317294784179193
2025-07-21/2025-07-27,airport,11,46.675771870607846
2025-07-21/2025-07-27,airport,12,50.97948616792671
2025-07-21/2025-07-27,airport,13,55.916319371688346
2025-07-21/2025-07-27,airport,14,40.09595058566897
2025-07-21/2025-07-27,airport,15,60.88163306636353
2025-07-21/2025-07-27,airport,16,67.78854619417501
2025-07-21/2025-07-27,airport,17,67.66997269373563
2025-07-21/2025-07-27,airport,18,63.65980480637618
2025-07-21/2025-07-27,airport,19,44.05122297573785
2025-07-21/2025-07-27,airport,20,40.859171028635004
2025-07-21/2025-07-27,airport,21,77.74014857032952
2025-07-21/2025-07-27,airport,22,75.36790992109819
2025-07-21/2025-07-27,airport,23,75.59878744706599
2025-07-21/2025-07-27,non_airport,0,933.8259245228049
2025-07-21/2025-07-27,non_airport,1,609.0868333278609
2025-07-21/2025-07-27,non_airport,2,414.513542780857
2025-07-21/2025-07-27,non_airport,3,271.9589399282993
2025-07-21/2025-07-27,non_airport,4,164.9618587628421
2025-07-21/2025-07-27,non_airport,5,210.75354074181175
2025-07-21/2025-07-27,non_airport,6,324.6962769384652
2025-07-21/2025-07-27,non_airport,7,621.6583808308053
2025-07-21/2025-07-27,non_airport,8,813.8814177881367
2025-07-21/2025-07-27,non_airport,9,1027.0488426297943
2025-07-21/2025-07-27,non_airport,10,1057.4155702268865
2025-07-21/2025-07-27,non_airport,11,1190.190415781528
2025-07-21/2025-07-27,non_airport,12,1269.1351366606393
2025-07-21/2025-07-27,non_airport,13,1390.8177306283187
2025-07-21/2025-07-27,non_airport,14,1528.2318531940823
2025-07-21/2025-07-27,non_airport,15,1571.7436681652066
2025-07-21/2025-07-27,non_airport,16,1656.0822332136108
2025-07-21/2025-07-27,non_airport,17,1842.9287744402002
2025-07-21/2025-07-27,non_airport,18,1883.141458410258
2025-07-21/2025-07-27,non_airport,19,2001.6470446955275
2025-07-21/2025-07-27,non_airport,20,1775.0414929930575
2025-07-21/2025-07-27,non_airport,21,1702.0180786610076
2025-07-21/2025-07-27,non_airport,22,1508.88882396435
2025-07-21/2025-07-27,non_airport,23,1247.6515602094028
2025-07-28/2025-08-03,airport,0,57.74397439493019
2025-07-28/2025-08-03,airport,1,42.26343948976673
2025-07-28/2025-08-03,airport,2,28.065707788647597
2025-07-28/2025-08-03,airport,3,13.77460207022535
2025-07-28/2025-08-03,airport,4,16.084091421200387
2025-07-28/2025-08-03,airport,5,19.01579062326686
2025-07-28/2025-08-03,airport,6,28.867216315919606
2025-07-28/2025-08-03,airport,7,26.095766591542596
2025-07-28/2025-08-03,airport,8,35.52460546426247
2025-07-28/2025-08-03,airport,9,25.925970577080616
2025-07-28/2025-08-03,airport,10,32.62085604972089
2025-07-28/2025-08-03,airport,11,45.048750501748
2025-07-28/2025-08-03,airport,12,45.83039992732797
2025-07-28/2025-08-03,airport,13,46.08877326026859
2025-07-28/2025-08-03,airport,14,37.69986589466933
2025-07-28/2025-08-03,airport,15,53.66352021066153
2025-07-28/2025-08-03,airport,16,62.18130255896981
2025-07-28/2025-08-03,airport,17,60.783727327426575
2025-07-28/2025-08-03,airport,18,49.896285016964974
2025-07-28/2025-08-03,airport,19,50.41349658730686
2025-07-28/2025-08-03,airport,20,54.11494650068176
2025-07-28/2025-08-03,airport,21,74.3213760080754
2025-07-28/2025-08-03,airport,22,72.4443051903867
2025-07-28/2025-08-03,airport,23,34.06644669007589
2025-07-28/2025-08-03,non_airport,0,919.1099192721463
2025-07-28/2025-08-03,non_airport,1,606.7196350087328
2025-07-28/2025-08-03,non_airport,2,410.4853193638967
2025-07-28/2025-08-03,non_airport,3,286.09299716211063
2025-07-28/2025-08-03,non_airport,4,185.05181749336305
2025-07-28/2025-08-03,non_airport,5,201.77361769961195
2025-07-28/2025-08-03,non_airport,6,334.5117153034143
2025-07-28/2025-08-03,non_airport,7,607.5776595594583
2025-07-28/2025-08-03,non_airport,8,812.6918371944193
2025-07-28/2025-08-03,non_airport,9,1022.4868248653407
2025-07-28/2025-08-03,non_airport,10,1060.7812912608426
2025-07-28/2025-08-03,non_airport,11,1188.834316425424
2025-07-28/2025-08-03,non_airport,12,1276.5827973399803
2025-07-28/2025-08-03,non_airport,13,1405.583423129238
2025-07-28/2025-08-03,non_airport,14,1498.8053391881374
2025-07-28/2025-08-03,non_airport,15,1611.7582523452115
2025-07-28/2025-08-03,non_airport,16,1645.6808386607147
2025-07-28/2025-08-03,non_airport,17,1841.3711421358416
2025-07-28/2025-08-03,non_airport,18,1852.1477917349916
2025-07-28/2025-08-03,non_airport,19,1957.1715084171965
2025-07-28/2025-08-03,non_airport,20,1850.1973143599994
2025-07-28/2025-08-03,non_airport,21,1711.1599580133068
2025-07-28/2025-08-03,non_airport,22,1648.7078997909189
2025-07-28/2025-08-03,non_airport,23,1281.468024701117
2025-08-04/2025-08-10,airport,0,42.539640719232466
2025-08-04/2025-08-10,airport,1,41.05596949077314
2025-08-04/2025-08-10,airport,2,21.175567972782986
2025-08-04/2025-08-10,airport,3,11.250326441875687
2025-08-04/2025-08-10,airport,4,10.068038042694813
2025-08-04/2025-08-10,airport,5,16.10805075396774
2025-08-04/2025-08-10,airport,6,33.56501753570465
2025-08-04/2025-08-10,airport,7,19.798041283976445
2025-08-04/2025-08-10,airport,8,34.08886781119304
2025-08-04/2025-08-10,airport,9,36.14321113654097
2025-08-04/2025-08-10,airport,10,43.17102062405897
2025-08-04/2025-08-10,airport,11,65.2173916158368
2025-08-04/2025-08-10,airport,12,48.5850988721547
2025-08-04/2025-08-10,airport,13,56.49785646144094
2025-08-04/2025-08-10,airport,14,42.98052038626093
2025-08-04/2025-08-10,airport,15,54.72537500177192
2025-08-04/2025-08-10,airport,16,49.52033076562324
2025-08-04/2025-08-10,airport,17,59.38423670652682
2025-08-04/2025-08-10,airport,18,41.822640349643216
2025-08-04/2025-08-10,airport,19,47.31013085748904
2025-08-04/2025-08-10,airport,20,40.4078028669309
2025-08-04/2025-08-10,airport,21,67.95091252715127
2025-08-04/2025-08-10,airport,22,87.73023173113069
2025-08-04/2025-08-10,airport,23,50.457462397240796
2025-08-04/2025-08-10,non_airport,0,843.052958003947
2025-08-04/2025-08-10,non_airport,1,505.3729860727163
2025-08-04/2025-08-10,non_airport,2,297.2677627894333
2025-08-04/2025-08-10,non_airport,3,188.19703121562677
2025-08-04/2025-08-10,non_airport,4,101.03850281556316
2025-08-04/2025-08-10,non_airport,5,146.78651845672988
2025-08-04/2025-08-10,non_airport,6,260.1740615297087
2025-08-04/2025-08-10,non_airport,7,511.7226511346825
2025-08-04/2025-08-10,non_airport,8,722.0923435224228
2025-08-04/2025-08-10,non_airport,9,917.2149208223722
2025-08-04/2025-08-10,non_airport,10,994.2369706250192
2025-08-04/2025-08-10,non_airport,11,1079.1379754168809
2025-08-04/2025-08-10,non_airport,12,1207.552023441193
2025-08-04/2025-08-10,non_airport,13,1246.9360988149633
2025-08-04/2025-08-10,non_airport,14,1395.4903130619464
2025-08-04/2025-08-10,non_airport,15,1544.9501944830295
2025-08-04/2025-08-10,non_airport,16,1498.3783837779742
2025-08-04/2025-08-10,non_airport,17,1664.8626406672506
2025-08-04/2025-08-10,non_airport,18,1760.6142238428085
2025-08-04/2025-08-10,non_airport,19,1842.8698011650315
2025-08-04/2025-08-10,non_airport,20,1724.7236231438699
2025-08-04/2025-08-10,non_airport,21,1547.659484832174
2025-08-04/2025-08-10,non_airport,22,1511.105694855905
2025-08-04/2025-08-10,non_airport,23,1158.678372973511
2025-08-11/2025-08-17,airport,0,50.07382180687086
2025-08-11/2025-08-17,airport,1,56.24673929429088
2025-08-11/2025-08-17,airport,2,40.47096498416875
2025-08-11/2025-08-17,airport,3,18.201962332985815
2025-08-11/2025-08-17,airport,4,13.771565770645033
2025-08-11/2025-08-17,airport,5,26.043195279632943
2025-08-11/2025-08-17,airport,6,28.105588300195624
2025-08-11/2025-08-17,airport,7,25.737330816772978
2025-08-11/2025-08-17,airport,8,40.87558354323759
2025-08-11/2025-08-17,airport,9,24.691290333167352
2025-08-11/2025-08-17,airport,10,49.98177637203177
2025-08-11/2025-08-17,airport,11,44.48725986161819
2025-08-11/2025-08-17,airport,12,46.28310720537536
2025-08-11/2025-08-17,airport,13,62.84144297214137
2025-08-11/2025-08-17,airport,14,31.41684212423326
2025-08-11/2025-08-17,airport,15,62.68662470392276
2025-08-11/2025-08-17,airport,16,77.2295699005178
2025-08-11/2025-08-17,airport,17,46.46412673495
2025-08-11/2025-08-17,airport,18,57.76900710267182
2025-08-11/2025-08-17,airport,19,51.86024849976224
2025-08-11/2025-08-17,airport,20,64.05499614290578
2025-08-11/2025-08-17,airport,21,107.31786366139787
2025-08-11/2025-08-17,airport,22,75.52519841581645
2025-08-11/2025-08-17,airport,23,66.00987808313197
2025-08-11/2025-08-17,non_airport,0,706.68994997908
2025-08-11/2025-08-17,non_airport,1,406.8867148395751
2025-08-11/2025-08-17,non_airport,2,208.2432264638041
2025-08-11/2025-08-17,non_airport,3,116.65920057969727
2025-08-11/2025-08-17,non_airport,4,45.415740605571145
2025-08-11/2025-08-17,non_airport,5,87.26777589256898
2025-08-11/2025-08-17,non_airport,6,201.23215716103277
2025-08-11/2025-08-17,non_airport,7,461.51503724345633
2025-08-11/2025-08-17,non_airport,8,673.4603194958831
2025-08-11/2025-08-17,non_airport,9,863.2386355333323
2025-08-11/2025-08-17,non_airport,10,915.645946276564
2025-08-11/2025-08-17,non_airport,11,1012.5951321947133
2025-08-11/2025-08-17,non_airport,12,1105.6762289517137
2025-08-11/2025-08-17,non_airport,13,1193.7616850044567
2025-08-11/2025-08-17,non_airport,14,1365.09062970471
2025-08-11/2025-08-17,non_airport,15,1419.5641012280478
2025-08-11/2025-08-17,non_airport,16,1449.5999294886772
2025-08-11/2025-08-17,non_airport,17,1597.201278415268
2025-08-11/2025-08-17,non_airport,18,1674.0551329761126
2025-08-11/2025-08-17,non_airport,19,1760.2869755792167
2025-08-11/2025-08-17,non_airport,20,1616.76173418633
2025-08-11/2025-08-17,non_airport,21,1524.2356915062346
2025-08-11/2025-08-17,non_airport,22,1370.1331886820753
2025-08-11/2025-08-17,non_airport,23,1064.28291131755
2025-08-18/2025-08-24,airport,0,46.36179861825467
2025-08-18/2025-08-24,airport,1,61.66412379184671
2025-08-18/2025-08-24,airport,2,19.666472340895208
2025-08-18/2025-08-24,airport,3,11.104959377956055
2025-08-18/2025-08-24,airport,4,12.173628376091065
2025-08-18/2025-08-24,airport,5,11.552042259029594
2025-08-18/2025-08-24,airport,6,27.88526410060584
2025-08-18/2025-08-24,airport,7,15.159665055828027
2025-08-18/2025-08-24,airport,8,33.91702534272691
2025-08-18/2025-08-24,airport,9,32.48992118890615
2025-08-18/2025-08-24,airport,10,36.56489159404279
2025-08-18/2025-08-24,airport,11,44.78810164989922
2025-08-18/2025-08-24,airport,12,34.30062281413363
2025-08-18/2025-08-24,airport,13,50.44731865379016
2025-08-18/2025-08-24,airport,14,28.19458426388569
2025-08-18/2025-08-24,airport,15,46.04379039036528
2025-08-18/2025-08-24,airport,16,49.53363429351283
2025-08-18/2025-08-24,airport,17,33.729273669284616
2025-08-18/2025-08-24,airport,18,36.576431195362915
2025-08-18/2025-08-24,airport,19,31.411091208738036
2025-08-18/2025-08-24,airport,20,34.462402839654516
2025-08-18/2025-08-24,airport,21,84.23236984238852
2025-08-18/2025-08-24,airport,22,68.12479505398302
2025-08-18/2025-08-24,airport,23,54.460783221461966
2025-08-18/2025-08-24,non_airport,0,689.779578246129
2025-08-18/2025-08-24,non_airport,1,377.1834473159039
2025-08-18/2025-08-24,non_airport,2,175.00178369865304
2025-08-18/2025-08-24,non_airport,3,95.95145195144534
2025-08-18/2025-08-24,non_airport,4,37.23325998491249
2025-08-18/2025-08-24,non_airport,5,82.88824543370978
2025-08-18/2025-08-24,non_airport,6,182.2819932508727
2025-08-18/2025-08-24,non_airport,7,438.80224756214847
2025-08-18/2025-08-24,non_airport,8,647.787100315913
2025-08-18/2025-08-24,non_airport,9,860.330370064549
2025-08-18/2025-08-24,non_airport,10,877.5097844282024
2025-08-18/2025-08-24,non_airport,11,951.8738657627698
2025-08-18/2025-08-24,non_airport,12,1057.8226275967497
2025-08-18/2025-08-24,non_airport,13,1147.9440994005554
2025-08-18/2025-08-24,non_airport,14,1271.0566498902708
2025-08-18/2025-08-24,non_airport,15,1390.8228813861529
2025-08-18/2025-08-24,non_airport,16,1410.7853895210671
2025-08-18/2025-08-24,non_airport,17,1583.5697174258212
2025-08-18/2025-08-24,non_airport,18,1550.3348435115215
2025-08-18/2025-08-24,non_airport,19,1672.0996376769651
2025-08-18/2025-08-24,non_airport,20,1511.2831817179342
2025-08-18/2025-08-24,non_airport,21,1421.009719376844
2025-08-18/2025-08-24,non_airport,22,1396.6069059050008
2025-08-18/2025-08-24,non_airport,23,1083.11772875843
2025-08-25/2025-08-31,airport,0,42.49122327958313
2025-08-25/2025-08-31,airport,1,37.773746440783235
2025-08-25/2025-08-31,airport,2,21.54352382543981
2025-08-25/2025-08-31,airport,3,13.815215681495063
2025-08-25/2025-08-31,airport,4,14.966807275875674
2025-08-25/2025-08-31,airport,5,11.807604815710572
2025-08-25/2025-08-31,airport,6,18.44570082706882
2025-08-25/2025-08-31,airport,7,16.98032488777171
2025-08-25/2025-08-31,airport,8,28.475837210516264
2025-08-25/2025-08-31,airport,9,25.337821900730084
2025-08-25/2025-08-31,airport,10,21.489110566130464
2025-08-25/2025-08-31,airport,11,29.460046909016654
2025-08-25/2025-08-31,airport,12,25.250960052727017
2025-08-25/2025-08-31,airport,13,36.905421643066106
2025-08-25/2025-08-31,airport,14,35.373726123003934
2025-08-25/2025-08-31,airport,15,33.19405700571579
2025-08-25/2025-08-31,airport,16,37.35990419549617
2025-08-25/2025-08-31,airport,17,38.04976921340303
2025-08-25/2025-08-31,airport,18,34.04610773692588
2025-08-25/2025-08-31,airport,19,30.267226604452322
2025-08-25/2025-08-31,airport,20,32.5378642909089
2025-08-25/2025-08-31,airport,21,66.42415953176868
2025-08-25/2025-08-31,airport,22,79.28707599894385
2025-08-25/2025-08-31,airport,23,37.11991845683929
2025-08-25/2025-08-31,non_airport,0,731.5589268312831
2025-08-25/2025-08-31,non_airport,1,413.78099237636326
2025-08-25/2025-08-31,non_airport,2,232.04954934446377
2025-08-25/2025-08-31,non_airport,3,153.61119586171145
2025-08-25/2025-08-31,non_airport,4,68.97176666622516
2025-08-25/2025-08-31,non_airport,5,111.86773499050337
2025-08-25/2025-08-31,non_airport,6,218.4924285907904
2025-08-25/2025-08-31,non_airport,7,479.928496301375
2025-08-25/2025-08-31,non_airport,8,672.7386222120849
2025-08-25/2025-08-31,non_airport,9,840.6469397009648
2025-08-25/2025-08-31,non_airport,10,905.8383313376289
2025-08-25/2025-08-31,non_airport,11,1001.6385887906334
2025-08-25/2025-08-31,non_airport,12,1089.2935612498452
2025-08-25/2025-08-31,non_airport,13,1180.9490985741973
2025-08-25/2025-08-31,non_airport,14,1303.7447526391932
2025-08-25/2025-08-31,non_airport,15,1413.3989962524934
2025-08-25/2025-08-31,non_airport,16,1447.5034174414357
2025-08-25/2025-08-31,non_airport,17,1523.1455323989844
2025-08-25/2025-08-31,non_airport,18,1551.4632874113165
2025-08-25/2025-08-31,non_airport,19,1678.8743874485372
2025-08-25/2025-08-31,non_airport,20,1574.1453791460435
2025-08-25/2025-08-31,non_airport,21,1457.9905066196504
2025-08-25/2025-08-31,non_airport,22,1362.5513159859192
2025-08-25/2025-08-31,non_airport,23,1060.276020085076
2025-09-01/2025-09-07,airport,0,39.95631704426014
2025-09-01/2025-09-07,airport,1,59.063093926428394
2025-09-01/2025-09-07,airport,2,31.816768755256753
2025-09-01/2025-09-07,airport,3,15.947194096021503
2025-09-01/2025-09-07,airport,4,14.83507393755908
2025-09-01/2025-09-07,airport,5,13.525074435766367
2025-09-01/2025-09-07,airport,6,30.989389483168907
2025-09-01/2025-09-07,airport,7,24.444391561166544
2025-09-01/2025-09-07,airport,8,23.338956349022162
2025-09-01/2025-09-07,airport,9,32.57379963111583
2025-09-01/2025-09-07,airport,10,23.697655411153484
2025-09-01/2025-09-07,airport,11,37.76417186066832
2025-09-01/2025-09-07,airport,12,28.3734070638101
2025-09-01/2025-09-07,airport,13,38.25156880173296
2025-09-01/2025-09-07,airport,14,22.34604655973551
2025-09-01/2025-09-07,airport,15,42.56397094583486
2025-09-01/2025-09-07,airport,16,52.42329070770237
2025-09-01/2025-09-07,airport,17,50.81031253199999
2025-09-01/2025-09-07,airport,18,31.05577910950973
2025-09-01/2025-09-07,airport,19,30.85829317263167
2025-09-01/2025-09-07,airport,20,38.18129237151868
2025-09-01/2025-09-07,airport,21,48.98452572460849
2025-09-01/2025-09-07,airport,22,58.52128508502257
2025-09-01/2025-09-07,airport,23,60.356903653111594
2025-09-01/2025-09-07,non_airport,0,761.094262849191
2025-09-01/2025-09-07,non_airport,1,483.50632953970353
2025-09-01/2025-09-07,non_airport,2,297.44728909973117
2025-09-01/2025-09-07,non_airport,3,218.91118810620688
2025-09-01/2025-09-07,non_airport,4,126.81275967956229
2025-09-01/2025-09-07,non_airport,5,172.71655518196238
2025-09-01/2025-09-07,non_airport,6,269.70043406399066
2025-09-01/2025-09-07,non_airport,7,535.9043993808045
2025-09-01/2025-09-07,non_airport,8,739.4877844579457
2025-09-01/2025-09-07,non_airport,9,920.5263602207913
2025-09-01/2025-09-07,non_airport,10,965.8071900726787
2025-09-01/2025-09-07,non_airport,11,1066.7878770541724
2025-09-01/2025-09-07,non_airport,12,1162.75328580445
2025-09-01/2025-09-07,non_airport,13,1286.8707243863962
2025-09-01/2025-09-07,non_airport,14,1382.1296984401865
2025-09-01/2025-09-07,non_airport,15,1460.9085106638863
2025-09-01/2025-09-07,non_airport,16,1516.7887463365714
2025-09-01/2025-09-07,non_airport,17,1669.415138242237
2025-09-01/2025-09-07,non_airport,18,1697.6513354318874
2025-09-01/2025-09-07,non_airport,19,1781.4826829524895
2025-09-01/2025-09-07,non_airport,20,1692.848770448134
2025-09-01/2025-09-07,non_airport,21,1582.0044183546922
2025-09-01/2025-09-07,non_airport,22,1510.3413479329997
2025-09-01/2025-09-07,non_airport,23,1180.3994702364307
2025-09-08/2025-09-14,airport,0,57.78313839640439
2025-09-08/2025-09-14,airport,1,52.241445973854375
2025-09-08/2025-09-14,airport,2,21.93031959664818
2025-09-08/2025-09-14,airport,3,9.0990279763025
2025-09-08/2025-09-14,airport,4,12.0366104216055
2025-09-08/2025-09-14,airport,5,11.390297395972961
2025-09-08/2025-09-14,airport,6,21.45951782420956
2025-09-08/2025-09-14,airport,7,27.445262261525805
2025-09-08/2025-09-14,airport,8,19.149063609784616
2025-09-08/2025-09-14,airport,9,23.999887066835893
2025-09-08/2025-09-14,airport,10,17.352055848700317
2025-09-08/2025-09-14,airport,11,30.174488043413362
2025-09-08/2025-09-14,airport,12,25.778459764391776
2025-09-08/2025-09-14,airport,13,34.71647722484372
2025-09-08/2025-09-14,airport,14,31.10696943901017
2025-09-08/2025-09-14,airport,15,41.31821486009721
2025-09-08/2025-09-14,airport,16,34.29595840568044
2025-09-08/2025-09-14,airport,17,27.430175926565358
2025-09-08/2025-09-14,airport,18,41.26652818445345
2025-09-08/2025-09-14,airport,19,29.674766290780372
2025-09-08/2025-09-14,airport,20,32.58172640935775
2025-09-08/2025-09-14,airport,21,40.32969597547248
2025-09-08/2025-09-14,airport,22,54.76589772629888
2025-09-08/2025-09-14,airport,23,64.01147672554706
2025-09-08/2025-09-14,non_airport,0,889.8417394779152
2025-09-08/2025-09-14,non_airport,1,633.9879899291165
2025-09-08/2025-09-14,non_airport,2,428.68287089018094
2025-09-08/2025-09-14,non_airport,3,303.40458922251906
2025-09-08/2025-09-14,non_airport,4,181.4778800241869
2025-09-08/2025-09-14,non_airport,5,208.95978628891012
2025-09-08/2025-09-14,non_airport,6,318.6806673563073
2025-09-08/2025-09-14,non_airport,7,586.0764403016174
2025-09-08/2025-09-14,non_airport,8,785.8550085571007
2025-09-08/2025-09-14,non_airport,9,932.6046852261916
2025-09-08/2025-09-14,non_airport,10,982.4382613946754
2025-09-08/2025-09-14,non_airport,11,1089.1913310587531
2025-09-08/2025-09-14,non_airport,12,1182.2981938969667
2025-09-08/2025-09-14,non_airport,13,1252.8382320055857
2025-09-08/2025-09-14,non_airport,14,1360.37198628404
2025-09-08/2025-09-14,non_airport,15,1470.3531750963616
2025-09-08/2025-09-14,non_airport,16,1561.4552984520742
2025-09-08/2025-09-14,non_airport,17,1682.4227506451248
2025-09-08/2025-09-14,non_airport,18,1759.5109520322937
2025-09-08/2025-09-14,non_airport,19,1890.7157305040291
2025-09-08/2025-09-14,non_airport,20,1731.8274624108317
2025-09-08/2025-09-14,non_airport,21,1684.368280407684
2025-09-08/2025-09-14,non_airport,22,1570.7473895460466
2025-09-08/2025-09-14,non_airport,23,1262.4223752099135
2025-09-15/2025-09-21,airport,0,49.95366224514418
2025-09-15/2025-09-21,airport,1,30.65836172722149
2025-09-15/2025-09-21,airport,2,16.107330576114908
2025-09-15/2025-09-21,airport,3,9.551382946174646
2025-09-15/2025-09-21,airport,4,8.16796531122761
2025-09-15/2025-09-21,airport,5,8.6616278762125
2025-09-15/2025-09-21,airport,6,13.125389037695447
2025-09-15/2025-09-21,airport,7,18.38667785065049
2025-09-15/2025-09-21,airport,8,13.032752067858546
2025-09-15/2025-09-21,airport,9,23.52138631626211
2025-09-15/2025-09-21,airport,10,22.224857052603355
2025-09-15/2025-09-21,airport,11,23.022682433778073
2025-09-15/2025-09-21,airport,12,16.29192929102681
2025-09-15/2025-09-21,airport,13,29.950456446354863
2025-09-15/2025-09-21,airport,14,40.40479777257111
2025-09-15/2025-09-21,airport,15,29.61012542955971
2025-09-15/2025-09-21,airport,16,33.38743847598324
2025-09-15/2025-09-21,airport,17,28.19808668170664
2025-09-15/2025-09-21,airport,18,40.39183111741758
2025-09-15/2025-09-21,airport,19,28.529947121270943
2025-09-15/2025-09-21,airport,20,34.171418785755925
2025-09-15/2025-09-21,airport,21,30.972042396272855
2025-09-15/2025-09-21,airport,22,42.86754761020895
2025-09-15/2025-09-21,airport,23,50.512411447574166
2025-09-15/2025-09-21,non_airport,0,936.4490623244259
2025-09-15/2025-09-21,non_airport,1,667.095146137373
2025-09-15/2025-09-21,non_airport,2,425.18771766307714
2025-09-15/2025-09-21,non_airport,3,310.9858692799302
2025-09-15/2025-09-21,non_airport,4,198.75975909777148
2025-09-15/2025-09-21,non_airport,5,219.78468660818712
2025-09-15/2025-09-21,non_airport,6,327.7852550942579
2025-09-15/2025-09-21,non_airport,7,569.351624102702
2025-09-15/2025-09-21,non_airport,8,760.9681606909538
2025-09-15/2025-09-21,non_airport,9,969.8190340442982
2025-09-15/2025-09-21,non_airport,10,992.8365036262684
2025-09-15/2025-09-21,non_airport,11,1120.7827780873404
2025-09-15/2025-09-21,non_airport,12,1184.5408076924293
2025-09-15/2025-09-21,non_airport,13,1272.7211260306867
2025-09-15/2025-09-21,non_airport,14,1358.7829821037612
2025-09-15/2025-09-21,non_airport,15,1471.2239781278324
2025-09-15/2025-09-21,non_airport,16,1487.2881619281527
2025-09-15/2025-09-21,non_airport,17,1665.7006445622928
2025-09-15/2025-09-21,non_airport,18,1716.4029786457174
2025-09-15/2025-09-21,non_airport,19,1845.955239214876
2025-09-15/2025-09-21,non_airport,20,1696.0692252853291
2025-09-15/2025-09-21,non_airport,21,1648.2176753817382
2025-09-15/2025-09-21,non_airport,22,1580.725644811149
2025-09-15/2025-09-21,non_airport,23,1279.3450592903512
2025-09-22/2025-09-28,airport,0,68.95850777249531
2025-09-22/2025-09-28,airport,1,40.62294768457075
2025-09-22/2025-09-28,airport,2,13.472229333663087
2025-09-22/2025-09-28,airport,3,10.728498811460351
2025-09-22/2025-09-28,airport,4,11.135785652794338
2025-09-22/2025-09-28,airport,5,7.535873919127382
2025-09-22/2025-09-28,airport,6,15.237663948069928
2025-09-22/2025-09-28,airport,7,23.924135285315938
2025-09-22/2025-09-28,airport,8,19.048574325553506
2025-09-22/2025-09-28,airport,9,21.65830711853273
2025-09-22/2025-09-28,airport,10,15.981880128952625
2025-09-22/2025-09-28,airport,11,23.180606685273762
2025-09-22/2025-09-28,airport,12,25.391667488683858
2025-09-22/2025-09-28,airport,13,30.503639807200017
2025-09-22/2025-09-28,airport,14,37.859975524411325
2025-09-22/2025-09-28,airport,15,42.360246957410794
2025-09-22/2025-09-28,airport,16,34.6358908857081
2025-09-22/2025-09-28,airport,17,37.97642584190588
2025-09-22/2025-09-28,airport,18,32.05007715649746
2025-09-22/2025-09-28,airport,19,48.18369458284085
2025-09-22/2025-09-28,airport,20,35.87987006261697
2025-09-22/2025-09-28,airport,21,53.3950743652144
2025-09-22/2025-09-28,airport,22,59.81876452528059
2025-09-22/2025-09-28,airport,23,53.4568580524242
2025-09-22/2025-09-28,non_airport,0,926.9735337128304
2025-09-22/2025-09-28,non_airport,1,639.3702894717566
2025-09-22/2025-09-28,non_airport,2,421.29728521439256
2025-09-22/2025-09-28,non_airport,3,299.2971921473114
2025-09-22/2025-09-28,non_airport,4,194.91323769911511
2025-09-22/2025-09-28,non_airport,5,200.3208338402189
2025-09-22/2025-09-28,non_airport,6,316.0389206454918
2025-09-22/2025-09-28,non_airport,7,559.8742529053698
2025-09-22/2025-09-28,non_airport,8,746.545253332009
2025-09-22/2025-09-28,non_airport,9,925.2837096291182
2025-09-22/2025-09-28,non_airport,10,990.8364632369315
2025-09-22/2025-09-28,non_airport,11,1069.2396634780996
2025-09-22/2025-09-28,non_airport,12,1164.1217459580632
2025-09-22/2025-09-28,non_airport,13,1235.179109585536
2025-09-22/2025-09-28,non_airport,14,1385.6789551617655
2025-09-22/2025-09-28,non_airport,15,1455.1338376001881
2025-09-22/2025-09-28,non_airport,16,1553.9446023748012
2025-09-22/2025-09-28,non_airport,17,1637.714790029689
2025-09-22/2025-09-28,non_airport,18,1713.4532196521072
2025-09-22/2025-09-28,non_airport,19,1744.8264186007789
2025-09-22/2025-09-28,non_airport,20,1629.3563458427122
2025-09-22/2025-09-28,non_airport,21,1570.5380700052135
2025-09-22/2025-09-28,non_airport,22,1489.5831850844863
2025-09-22/2025-09-28,non_airport,23,1256.3615122422925
2025-09-29/2025-10-05,airport,0,53.55153577173136
2025-09-29/2025-10-05,airport,1,32.315332493087425
2025-09-29/2025-10-05,airport,2,14.051436974491113
2025-09-29/2025-10-05,airport,3,3.914072827042106
2025-09-29/2025-10-05,airport,4,7.230989024167753
2025-09-29/2025-10-05,airport,5,9.095266610675191
2025-09-29/2025-10-05,airport,6,15.22151019788348
2025-09-29/2025-10-05,airport,7,24.750042883412966
2025-09-29/2025-10-05,airport,8,22.28081635367281
2025-09-29/2025-10-05,airport,9,16.32907733602862
2025-09-29/2025-10-05,airport,10,22.418458577613517
2025-09-29/2025-10-05,airport,11,22.239839756403704
2025-09-29/2025-10-05,airport,12,15.886508457510512
2025-09-29/2025-10-05,airport,13,41.02980202977977
2025-09-29/2025-10-05,airport,14,33.95566821910104
2025-09-29/2025-10-05,airport,15,32.32944605253318
2025-09-29/2025-10-05,airport,16,43.2057777934924
2025-09-29/2025-10-05,airport,17,35.29068762012338
2025-09-29/2025-10-05,airport,18,33.3041439807969
2025-09-29/2025-10-05,airport,19,20.236666775344617
2025-09-29/2025-10-05,airport,20,24.444879753783685
2025-09-29/2025-10-05,airport,21,65.05949809712398
2025-09-29/2025-10-05,airport,22,72.90386908568802
2025-09-29/2025-10-05,airport,23,49.59856135406266
2025-09-29/2025-10-05,non_airport,0,874.1487430452133
2025-09-29/2025-10-05,non_airport,1,607.2861477785559
2025-09-29/2025-10-05,non_airport,2,384.72295560865905
2025-09-29/2025-10-05,non_airport,3,268.23645230311485
2025-09-29/2025-10-05,non_airport,4,155.0643773642821
2025-09-29/2025-10-05,non_airport,5,168.17264395313023
2025-09-29/2025-10-05,non_airport,6,272.3889356274523
2025-09-29/2025-10-05,non_airport,7,521.0467573060181
2025-09-29/2025-10-05,non_airport,8,722.7213789318836
2025-09-29/2025-10-05,non_airport,9,922.659284801838
2025-09-29/2025-10-05,non_airport,10,947.2225278290724
2025-09-29/2025-10-05,non_airport,11,1055.4428833963661
2025-09-29/2025-10-05,non_airport,12,1167.6501669897089
2025-09-29/2025-10-05,non_airport,13,1220.381237793258
2025-09-29/2025-10-05,non_airport,14,1346.9742224542254
2025-09-29/2025-10-05,non_airport,15,1495.3116669881788
2025-09-29/2025-10-05,non_airport,16,1511.249864027355
2025-09-29/2025-10-05,non_airport,17,1612.7220821404703
2025-09-29/2025-10-05,non_airport,18,1648.9910518160182
2025-09-29/2025-10-05,non_airport,19,1699.1380889154
2025-09-29/2025-10-05,non_airport,20,1636.1679884409853
2025-09-29/2025-10-05,non_airport,21,1513.8111678946361
2025-09-29/2025-10-05,non_airport,22,1497.483888483697
2025-09-29/2025-10-05,non_airport,23,1245.200444034518
2025-10-06/2025-10-12,airport,0,51.844158400730905
2025-10-06/2025-10-12,airport,1,57.21998425638915
2025-10-06/2025-10-12,airport,2,14.98666904212125
2025-10-06/2025-10-12,airport,3,7.445543493933156
2025-10-06/2025-10-12,airport,4,8.473062825086377
2025-10-06/2025-10-12,airport,5,6.908869242075457
2025-10-06/2025-10-12,airport,6,15.771755263646488
2025-10-06/2025-10-12,airport,7,21.807423698395755
2025-10-06/2025-10-12,airport,8,22.70959955117461
2025-10-06/2025-10-12,airport,9,31.7486703794535
2025-10-06/2025-10-12,airport,10,29.638276827894153
2025-10-06/2025-10-12,airport,11,25.019149517494462
2025-10-06/2025-10-12,airport,12,26.240444778921443
2025-10-06/2025-10-12,airport,13,42.64815597220254
2025-10-06/2025-10-12,airport,14,41.15466223198384
2025-10-06/2025-10-12,airport,15,57.98336891686638
2025-10-06/2025-10-12,airport,16,61.7497075158686
2025-10-06/2025-10-12,airport,17,34.77417538679225
2025-10-06/2025-10-12,airport,18,39.97743722591578
2025-10-06/2025-10-12,airport,19,37.92122346171024
2025-10-06/2025-10-12,airport,20,64.2802470037862
2025-10-06/2025-10-12,airport,21,72.04498937385952
2025-10-06/2025-10-12,airport,22,76.12097622181214
2025-10-06/2025-10-12,airport,23,82.14332819150165
2025-10-06/2025-10-12,non_airport,0,832.4286830967094
2025-10-06/2025-10-12,non_airport,1,574.3360505509773
2025-10-06/2025-10-12,non_airport,2,372.92454701829854
2025-10-06/2025-10-12,non_airport,3,229.19635672519732
2025-10-06/2025-10-12,non_airport,4,129.3834083369724
2025-10-06/2025-10-12,non_airport,5,166.6754831030309
2025-10-06/2025-10-12,non_airport,6,268.67263138506496
2025-10-06/2025-10-12,non_airport,7,527.3659401534393
2025-10-06/2025-10-12,non_airport,8,710.0554927758466
2025-10-06/2025-10-12,non_airport,9,894.4416756519678
2025-10-06/2025-10-12,non_airport,10,933.4360555511626
2025-10-06/2025-10-12,non_airport,11,1065.3176255060437
2025-10-06/2025-10-12,non_airport,12,1097.1025396404168
2025-10-06/2025-10-12,non_airport,13,1209.707603695201
2025-10-06/2025-10-12,non_airport,14,1335.303806239396
2025-10-06/2025-10-12,non_airport,15,1409.4981923596063
2025-10-06/2025-10-12,non_airport,16,1453.3226532967744
2025-10-06/2025-10-12,non_airport,17,1642.1348203688383
2025-10-06/2025-10-12,non_airport,18,1621.4939170641535
2025-10-06/2025-10-12,non_airport,19,1718.2841373955864
2025-10-06/2025-10-12,non_airport,20,1654.5423988283212
2025-10-06/2025-10-12,non_airport,21,1525.72270548682
2025-10-06/2025-10-12,non_airport,22,1442.4488849186737
2025-10-06/2025-10-12,non_airport,23,1156.1379204765854
2025-10-13/2025-10-19,airport,0,91.00336552580809
2025-10-13/2025-10-19,airport,1,67.16732713771444
2025-10-13/2025-10-19,airport,2,25.85964297790905
2025-10-13/2025-10-19,airport,3,7.302377016181765
2025-10-13/2025-10-19,airport,4,12.734564753937264
2025-10-13/2025-10-19,airport,5,6.287524039250143
2025-10-13/2025-10-19,airport,6,18.56899746017723
2025-10-13/2025-10-19,airport,7,16.336378214551765
2025-10-13/2025-10-19,airport,8,20.04144049193437
2025-10-13/2025-10-19,airport,9,22.6339766540479
2025-10-13/2025-10-19,airport,10,37.11058841693777
2025-10-13/2025-10-19,airport,11,25.09402964598511
2025-10-13/2025-10-19,airport,12,23.500233244290445
2025-10-13/2025-10-19,airport,13,30.339068532941663
2025-10-13/2025-10-19,airport,14,47.09664967159436
2025-10-13/2025-10-19,airport,15,30.15038467725369
2025-10-13/2025-10-19,airport,16,22.21399395914853
2025-10-13/2025-10-19,airport,17,25.91960672744233
2025-10-13/2025-10-19,airport,18,35.593210519741916
2025-10-13/2025-10-19,airport,19,23.422155449481238
2025-10-13/2025-10-19,airport,20,43.17977014993778
2025-10-13/2025-10-19,airport,21,46.1361126863206
2025-10-13/2025-10-19,airport,22,51.78551253068287
2025-10-13/2025-10-19,airport,23,78.05603734567822
2025-10-13/2025-10-19,non_airport,0,840.1355090919762
2025-10-13/2025-10-19,non_airport,1,517.2699437154893
2025-10-13/2025-10-19,non_airport,2,335.5697650123244
2025-10-13/2025-10-19,non_airport,3,242.10516236003346
2025-10-13/2025-10-19,non_airport,4,143.92894938299503
2025-10-13/2025-10-19,non_airport,5,162.65547899734628
2025-10-13/2025-10-19,non_airport,6,283.69509390240273
2025-10-13/2025-10-19,non_airport,7,534.1166586373178
2025-10-13/2025-10-19,non_airport,8,722.6136740245055
2025-10-13/2025-10-19,non_airport,9,908.4953271414187
2025-10-13/2025-10-19,non_airport,10,936.1772166609966
2025-10-13/2025-10-19,non_airport,11,1052.6176152952203
2025-10-13/2025-10-19,non_airport,12,1132.414262170546
2025-10-13/2025-10-19,non_airport,13,1206.1866523768554
2025-10-13/2025-10-19,non_airport,14,1375.6668732529915
2025-10-13/2025-10-19,non_airport,15,1449.4816594939034
2025-10-13/2025-10-19,non_airport,16,1470.9601224424964
2025-10-13/2025-10-19,non_airport,17,1685.2583220642218
2025-10-13/2025-10-19,non_airport,18,1717.489128917737
2025-10-13/2025-10-19,non_airport,19,1755.594072563547
2025-10-13/2025-10-19,non_airport,20,1584.1299627830822
2025-10-13/2025-10-19,non_airport,21,1579.1808288272182
2025-10-13/2025-10-19,non_airport,22,1481.0299171385725
2025-10-13/2025-10-19,non_airport,23,1208.1537971088692
2025-10-20/2025-10-26,airport,0,64.67599747635387
2025-10-20/2025-10-26,airport,1,49.28019117677175
2025-10-20/2025-10-26,airport,2,17.803649810535415
2025-10-20/2025-10-26,airport,3,8.894794131027844
2025-10-20/2025-10-26,airport,4,14.06452925721146
2025-10-20/2025-10-26,airport,5,8.682490551702749
2025-10-20/2025-10-26,airport,6,15.788334798087838
2025-10-20/2025-10-26,airport,7,19.49731479649822
2025-10-20/2025-10-26,airport,8,24.719964513215032
2025-10-20/2025-10-26,airport,9,26.45200569769504
2025-10-20/2025-10-26,airport,10,36.89052087728624
2025-10-20/2025-10-26,airport,11,20.751822137816713
2025-10-20/2025-10-26,airport,12,26.76909850189532
2025-10-20/2025-10-26,airport,13,38.093435647053205
2025-10-20/2025-10-26,airport,14,45.04902482134683
2025-10-20/2025-10-26,airport,15,25.245847343962176
2025-10-20/2025-10-26,airport,16,24.327828322882233
2025-10-20/2025-10-26,airport,17,29.412295279644503
2025-10-20/2025-10-26,airport,18,36.270497706651675
2025-10-20/2025-10-26,airport,19,25.84309504139264
2025-10-20/2025-10-26,airport,20,41.31909319224913
2025-10-20/2025-10-26,airport,21,60.17130622103483
2025-10-20/2025-10-26,airport,22,38.450882048498954
2025-10-20/2025-10-26,airport,23,52.821195417540956
2025-10-20/2025-10-26,non_airport,0,896.3495007629791
2025-10-20/2025-10-26,non_airport,1,590.9177931905505
2025-10-20/2025-10-26,non_airport,2,377.04785115078874
2025-10-20/2025-10-26,non_airport,3,253.50815993270908
2025-10-20/2025-10-26,non_airport,4,157.4823007530007
2025-10-20/2025-10-26,non_airport,5,179.36965375689417
2025-10-20/2025-10-26,non_airport,6,285.15016078775346
2025-10-20/2025-10-26,non_airport,7,536.7724904681229
2025-10-20/2025-10-26,non_airport,8,740.8303784566783
2025-10-20/2025-10-26,non_airport,9,929.5383567040146
2025-10-20/2025-10-26,non_airport,10,955.8079936601474
2025-10-20/2025-10-26,non_airport,11,1074.8821739306895
2025-10-20/2025-10-26,non_airport,12,1124.947615641539
2025-10-20/2025-10-26,non_airport,13,1245.9901297729461
2025-10-20/2025-10-26,non_airport,14,1338.4226139635048
2025-10-20/2025-10-26,non_airport,15,1410.2996761591733
2025-10-20/2025-10-26,non_airport,16,1441.3978084014611
2025-10-20/2025-10-26,non_airport,17,1617.6808267709766
2025-10-20/2025-10-26,non_airport,18,1700.3384244932784
2025-10-20/2025-10-26,non_airport,19,1764.7554791328948
2025-10-20/2025-10-26,non_airport,20,1610.9438795323956
2025-10-20/2025-10-26,non_airport,21,1598.8319052081629
2025-10-20/2025-10-26,non_airport,22,1482.8647163327075
2025-10-20/2025-10-26,non_airport,23,1216.3562682254483
2025-10-27/2025-11-02,airport,0,46.181735878979914
2025-10-27/2025-11-02,airport,1,67.78994738399798
2025-10-27/2025-11-02,airport,2,52.58238549492831
2025-10-27/2025-11-02,airport,3,22.899475217607396
2025-10-27/2025-11-02,airport,4,12.032484053826817
2025-10-27/2025-11-02,airport,5,21.04726405844023
2025-10-27/2025-11-02,airport,6,18.76078355266127
2025-10-27/2025-11-02,airport,7,17.4934788859487
2025-10-27/2025-11-02,airport,8,24.557074002869786
2025-10-27/2025-11-02,airport,9,22.995219696842963
2025-10-27/2025-11-02,airport,10,33.93267366001731
2025-10-27/2025-11-02,airport,11,34.33498977085537
2025-10-27/2025-11-02,airport,12,50.129131365109
2025-10-27/2025-11-02,airport,13,61.96956740545054
2025-10-27/2025-11-02,airport,14,37.6047717704209
2025-10-27/2025-11-02,airport,15,55.497620336735736
2025-10-27/2025-11-02,airport,16,56.20342593105914
2025-10-27/2025-11-02,airport,17,54.072333640930516
2025-10-27/2025-11-02,airport,18,49.36899843778486
2025-10-27/2025-11-02,airport,19,54.19771533232521
2025-10-27/2025-11-02,airport,20,33.40441170311865
2025-10-27/2025-11-02,airport,21,50.14560956536738
2025-10-27/2025-11-02,airport,22,55.55900528313508
2025-10-27/2025-11-02,airport,23,75.06695618977449
2025-10-27/2025-11-02,non_airport,0,880.0548383302852
2025-10-27/2025-11-02,non_airport,1,575.0395018702101
2025-10-27/2025-11-02,non_airport,2,374.00337918796475
2025-10-27/2025-11-02,non_airport,3,282.0730223817933
2025-10-27/2025-11-02,non_airport,4,171.55997964284643
2025-10-27/2025-11-02,non_airport,5,198.83458673664637
2025-10-27/2025-11-02,non_airport,6,296.7840292170106
2025-10-27/2025-11-02,non_airport,7,564.4856478606342
2025-10-27/2025-11-02,non_airport,8,725.6208478039725
2025-10-27/2025-11-02,non_airport,9,911.0601296985177
2025-10-27/2025-11-02,non_airport,10,960.4343491379567
2025-10-27/2025-11-02,non_airport,11,1063.6067873285558
2025-10-27/2025-11-02,non_airport,12,1134.79930875655
2025-10-27/2025-11-02,non_airport,13,1248.4876225672942
2025-10-27/2025-11-02,non_airport,14,1364.061219677234
2025-10-27/2025-11-02,non_airport,15,1391.5075742090683
2025-10-27/2025-11-02,non_airport,16,1492.435142518502
2025-10-27/2025-11-02,non_airport,17,1606.2188518198984
2025-10-27/2025-11-02,non_airport,18,1643.3001566182572
2025-10-27/2025-11-02,non_airport,19,1769.016879413425
2025-10-27/2025-11-02,non_airport,20,1643.2684057499698
2025-10-27/2025-11-02,non_airport,21,1556.6745999054833
2025-10-27/2025-11-02,non_airport,22,1516.8416647708118
2025-10-27/2025-11-02,non_airport,23,1216.9660239219447
2025-11-03/2025-11-09,airport,0,74.19737188281113
2025-11-03/2025-11-09,airport,1,63.98330967961492
2025-11-03/2025-11-09,airport,2,19.75202910094574
2025-11-03/2025-11-09,airport,3,6.834228319550544
2025-11-03/2025-11-09,airport,4,7.870598325601051
2025-11-03/2025-11-09,airport,5,14.291899906400635
2025-11-03/2025-11-09,airport,6,10.633558486759222
2025-11-03/2025-11-09,airport,7,18.640126439658253
2025-11-03/2025-11-09,airport,8,17.00373447788986
2025-11-03/2025-11-09,airport,9,28.91977478519741
2025-11-03/2025-11-09,airport,10,29.246642455829527
2025-11-03/2025-11-09,airport,11,23.966098692281744
2025-11-03/2025-11-09,airport,12,30.380088520142007
2025-11-03/2025-11-09,airport,13,22.254443600172138
2025-11-03/2025-11-09,airport,14,34.95479332053691
2025-11-03/2025-11-09,airport,15,56.80233396976988
2025-11-03/2025-11-09,airport,16,43.75890219197148
2025-11-03/2025-11-09,airport,17,55.50350668645153
2025-11-03/2025-11-09,airport,18,58.626374092333286
2025-11-03/2025-11-09,airport,19,47.39914523269806
2025-11-03/2025-11-09,airport,20,66.48792431328954
2025-11-03/2025-11-09,airport,21,81.04079669591074
2025-11-03/2025-11-09,airport,22,56.216304694536596
2025-11-03/2025-11-09,airport,23,76.83188321112333
2025-11-03/2025-11-09,non_airport,0,905.6220644110704
2025-11-03/2025-11-09,non_airport,1,602.7309669020642
2025-11-03/2025-11-09,non_airport,2,375.877870414122
2025-11-03/2025-11-09,non_airport,3,257.39839616560323
2025-11-03/2025-11-09,non_airport,4,161.39124347129524
2025-11-03/2025-11-09,non_airport,5,183.54249141271913
2025-11-03/2025-11-09,non_airport,6,280.07524005143307
2025-11-03/2025-11-09,non_airport,7,535.3006165607501
2025-11-03/2025-11-09,non_airport,8,729.2367483780455
2025-11-03/2025-11-09,non_airport,9,881.1783039778896
2025-11-03/2025-11-09,non_airport,10,922.1142351272003
2025-11-03/2025-11-09,non_airport,11,1047.2496249034589
2025-11-03/2025-11-09,non_airport,12,1135.82670921637
2025-11-03/2025-11-09,non_airport,13,1220.5353301793236
2025-11-03/2025-11-09,non_airport,14,1303.683644564074
2025-11-03/2025-11-09,non_airport,15,1397.7171969275905
2025-11-03/2025-11-09,non_airport,16,1497.0949872088765
2025-11-03/2025-11-09,non_airport,17,1602.9222341945672
2025-11-03/2025-11-09,non_airport,18,1647.0770462601838
2025-11-03/2025-11-09,non_airport,19,1695.7557437601195
2025-11-03/2025-11-09,non_airport,20,1609.9923630571566
2025-11-03/2025-11-09,non_airport,21,1501.412523205155
2025-11-03/2025-11-09,non_airport,22,1458.8011556481406
2025-11-03/2025-11-09,non_airport,23,1229.19762674129
2025-11-10/2025-11-16,airport,0,85.20383488905368
2025-11-10/2025-11-16,airport,1,93.7327571035752
2025-11-10/2025-11-16,airport,2,71.08070198494428
2025-11-10/2025-11-16,airport,3,24.518529958668392
2025-11-10/2025-11-16,airport,4,10.478278891329957
2025-11-10/2025-11-16,airport,5,16.04531556186579
2025-11-10/2025-11-16,airport,6,15.785777978295423
2025-11-10/2025-11-16,airport,7,18.16061654847241
2025-11-10/2025-11-16,airport,8,17.623832153196812
2025-11-10/2025-11-16,airport,9,16.47447179522525
2025-11-10/2025-11-16,airport,10,29.613319411930426
2025-11-10/2025-11-16,airport,11,20.463023403290986
2025-11-10/2025-11-16,airport,12,28.26004663702456
2025-11-10/2025-11-16,airport,13,25.089302563842004
2025-11-10/2025-11-16,airport,14,50.07546539028936
2025-11-10/2025-11-16,airport,15,37.53698570790476
2025-11-10/2025-11-16,airport,16,31.98816093769933
2025-11-10/2025-11-16,airport,17,61.64656951993429
2025-11-10/2025-11-16,airport,18,43.01117005866496
2025-11-10/2025-11-16,airport,19,37.54337730844655
2025-11-10/2025-11-16,airport,20,53.03402077277862
2025-11-10/2025-11-16,airport,21,63.1662665885095
2025-11-10/2025-11-16,airport,22,55.62008116855895
2025-11-10/2025-11-16,airport,23,70.96170434172838
2025-11-10/2025-11-16,non_airport,0,845.7508031329482
2025-11-10/2025-11-16,non_airport,1,552.9707139495996
2025-11-10/2025-11-16,non_airport,2,331.0344395644346
2025-11-10/2025-11-16,non_airport,3,213.1009827371487
2025-11-10/2025-11-16,non_airport,4,120.70100455181004
2025-11-10/2025-11-16,non_airport,5,147.22783349596213
2025-11-10/2025-11-16,non_airport,6,263.0057068272748
2025-11-10/2025-11-16,non_airport,7,510.7606947633994
2025-11-10/2025-11-16,non_airport,8,683.5251395475115
2025-11-10/2025-11-16,non_airport,9,857.0080439643717
2025-11-10/2025-11-16,non_airport,10,928.7453225335755
2025-11-10/2025-11-16,non_airport,11,996.5809168146428
2025-11-10/2025-11-16,non_airport,12,1073.2886811229864
2025-11-10/2025-11-16,non_airport,13,1162.906641261076
2025-11-10/2025-11-16,non_airport,14,1300.184904038076
2025-11-10/2025-11-16,non_airport,15,1340.7884071340843
2025-11-10/2025-11-16,non_airport,16,1409.13810565286
2025-11-10/2025-11-16,non_airport,17,1599.3040154712585
2025-11-10/2025-11-16,non_airport,18,1563.3223451325669
2025-11-10/2025-11-16,non_airport,19,1709.3112661981054
2025-11-10/2025-11-16,non_airport,20,1585.9390501598125
2025-11-10/2025-11-16,non_airport,21,1472.059702705303
2025-11-10/2025-11-16,non_airport,22,1458.275750021532
2025-11-10/2025-11-16,non_airport,23,1139.6858026708028
2025-11-17/2025-11-23,airport,0,95.86389672179618
2025-11-17/2025-11-23,airport,1,71.16088688367903
2025-11-17/2025-11-23,airport,2,31.43909531544546
2025-11-17/2025-11-23,airport,3,5.471012152971899
2025-11-17/2025-11-23,airport,4,6.969809082738264
2025-11-17/2025-11-23,airport,5,9.286307237604365
2025-11-17/2025-11-23,airport,6,15.189227976990342
2025-11-17/2025-11-23,airport,7,33.10198570453032
2025-11-17/2025-11-23,airport,8,29.804129949377486
2025-11-17/2025-11-23,airport,9,35.499162440766455
2025-11-17/2025-11-23,airport,10,37.83328226348488
2025-11-17/2025-11-23,airport,11,37.55971263541983
2025-11-17/2025-11-23,airport,12,44.16475378161794
2025-11-17/2025-11-23,airport,13,47.840953471499155
2025-11-17/2025-11-23,airport,14,49.48647931430976
2025-11-17/2025-11-23,airport,15,64.91246014688566
2025-11-17/2025-11-23,airport,16,50.319601575960434
2025-11-17/2025-11-23,airport,17,80.58424647183148
2025-11-17/2025-11-23,airport,18,66.30036655633856
2025-11-17/2025-11-23,airport,19,36.527135687731985
2025-11-17/2025-11-23,airport,20,52.59639221081045
2025-11-17/2025-11-23,airport,21,86.43634844903146
2025-11-17/2025-11-23,airport,22,97.84368249836359
2025-11-17/2025-11-23,airport,23,79.8921595286021
2025-11-17/2025-11-23,non_airport,0,834.1879915402947
2025-11-17/2025-11-23,non_airport,1,545.0924303076353
2025-11-17/2025-11-23,non_airport,2,330.21005708044714
2025-11-17/2025-11-23,non_airport,3,203.13625679639435
2025-11-17/2025-11-23,non_airport,4,111.99233943429633
2025-11-17/2025-11-23,non_airport,5,144.99621916308035
2025-11-17/2025-11-23,non_airport,6,255.1161842145293
2025-11-17/2025-11-23,non_airport,7,489.77307586088216
2025-11-17/2025-11-23,non_airport,8,666.1291662655959
2025-11-17/2025-11-23,non_airport,9,805.5238095203492
2025-11-17/2025-11-23,non_airport,10,914.9163787436964
2025-11-17/2025-11-23,non_airport,11,984.4039656596875
2025-11-17/2025-11-23,non_airport,12,1063.5194991222086
2025-11-17/2025-11-23,non_airport,13,1153.4829378556083
2025-11-17/2025-11-23,non_airport,14,1271.4777437516082
2025-11-17/2025-11-23,non_airport,15,1318.6257474449355
2025-11-17/2025-11-23,non_airport,16,1372.9934502096012
2025-11-17/2025-11-23,non_airport,17,1526.5434673926507
2025-11-17/2025-11-23,non_airport,18,1565.39884312647
2025-11-17/2025-11-23,non_airport,19,1657.2661028551531
2025-11-17/2025-11-23,non_airport,20,1547.3356468249872
2025-11-17/2025-11-23,non_airport,21,1509.3271778793405
2025-11-17/2025-11-23,non_airport,22,1428.90163188483
2025-11-17/2025-11-23,non_airport,23,1168.5417532276724
2025-11-24/2025-11-30,airport,0,97.37354568984762
2025-11-24/2025-11-30,airport,1,79.0965920983239
2025-11-24/2025-11-30,airport,2,41.82720439610993
2025-11-24/2025-11-30,airport,3,16.353492174070823
2025-11-24/2025-11-30,airport,4,16.858200954360118
2025-11-24/2025-11-30,airport,5,21.653480343367374
2025-11-24/2025-11-30,airport,6,39.20239054496008
2025-11-24/2025-11-30,airport,7,49.50950047962591
2025-11-24/2025-11-30,airport,8,47.57373365342468
2025-11-24/2025-11-30,airport,9,50.895547417888416
2025-11-24/2025-11-30,airport,10,40.8192967569704
2025-11-24/2025-11-30,airport,11,47.624631284245226
2025-11-24/2025-11-30,airport,12,55.654585472294805
2025-11-24/2025-11-30,airport,13,65.58996164857805
2025-11-24/2025-11-30,airport,14,71.76917866959126
2025-11-24/2025-11-30,airport,15,77.48580685857105
2025-11-24/2025-11-30,airport,16,82.60870990565282
2025-11-24/2025-11-30,airport,17,132.7212723220641
2025-11-24/2025-11-30,airport,18,101.25658099553975
2025-11-24/2025-11-30,airport,19,89.77862077787974
2025-11-24/2025-11-30,airport,20,97.4955967253373
2025-11-24/2025-11-30,airport,21,106.74848976547487
2025-11-24/2025-11-30,airport,22,135.57519959206925
2025-11-24/2025-11-30,airport,23,128.10438242267801
2025-11-24/2025-11-30,non_airport,0,767.6570906057747
2025-11-24/2025-11-30,non_airport,1,460.11227760310965
2025-11-24/2025-11-30,non_airport,2,300.67624608019935
2025-11-24/2025-11-30,non_airport,3,193.47980585523814
2025-11-24/2025-11-30,non_airport,4,131.34448892178148
2025-11-24/2025-11-30,non_airport,5,162.4528606521325
2025-11-24/2025-11-30,non_airport,6,255.78754416480325
2025-11-24/2025-11-30,non_airport,7,520.0722287112837
2025-11-24/2025-11-30,non_airport,8,685.1845130636387
2025-11-24/2025-11-30,non_airport,9,850.4311311485842
2025-11-24/2025-11-30,non_airport,10,942.5227704739558
2025-11-24/2025-11-30,non_airport,11,1004.8928630959161
2025-11-24/2025-11-30,non_airport,12,1071.2303500815322
2025-11-24/2025-11-30,non_airport,13,1110.2413820809334
2025-11-24/2025-11-30,non_airport,14,1256.4802018302223
2025-11-24/2025-11-30,non_airport,15,1323.9882629187482
2025-11-24/2025-11-30,non_airport,16,1348.1252370938762
2025-11-24/2025-11-30,non_airport,17,1521.4074261147905
2025-11-24/2025-11-30,non_airport,18,1588.2433746251909
2025-11-24/2025-11-30,non_airport,19,1604.9583325267463
2025-11-24/2025-11-30,non_airport,20,1446.6780575521482
2025-11-24/2025-11-30,non_airport,21,1427.3172318005124
2025-11-24/2025-11-30,non_airport,22,1342.9697526404836
2025-11-24/2025-11-30,non_airport,23,1076.7357401626962
